station,lat,lon,time,algae
S-2,24.25522222,121.1728333,1998/8, 100 
S-4,24.25888889,121.17825,1998/8, 157 
S-6,24.26330556,121.1820833,1998/8, 149 
S-8,24.26580556,121.1878056,1998/8, 208 
S-10,24.26527777,121.1925833,1998/8, 55 
S-12,24.26536111,121.1968333,1998/8, 57 
S-14,24.26438888,121.2035833,1998/8, 72 
S-16,24.26230555,121.2062778,1998/8, 73 
S-18,24.26019444,121.2093611,1998/8, 120 
S-20,24.26163889,121.2117222,1998/8, 111 
S-22,24.26302778,121.2214722,1998/8, 117 
S-24,24.26297222,121.2259167,1998/8, 111 
S-26,24.26602778,121.2280833,1998/8, 60 
S-28,24.26866666,121.2285833,1998/8, 91 
S-30,0,0,1998/8, 88 
S-32,0,0,1998/8, 67 
S-34,0,0,1998/8, 72 
S-36,0,0,1998/8, 115 
S-38,0,0,1998/8, 328 
S-39,0,0,1998/8, 447 
S-40,0,0,1998/8, 176 
志樂溪   R010,0,0,1998/8,
谷關上,0,0,1998/8,
S-2,24.25522222,121.1728333,1998/11, 0 
S-4,24.25888889,121.17825,1998/11, 4 
S-6,24.26330556,121.1820833,1998/11, 8 
S-8,24.26580556,121.1878056,1998/11, 28 
S-10,24.26527777,121.1925833,1998/11, 19 
S-12,24.26536111,121.1968333,1998/11, 8 
S-14,24.26438888,121.2035833,1998/11, 3 
S-16,24.26230555,121.2062778,1998/11, 3 
S-18,24.26019444,121.2093611,1998/11, 11 
S-20,24.26163889,121.2117222,1998/11, 11 
S-22,24.26302778,121.2214722,1998/11, 16 
S-24,24.26297222,121.2259167,1998/11, 17 
S-26,24.26602778,121.2280833,1998/11, 28 
S-28,24.26866666,121.2285833,1998/11, 20 
S-30,0,0,1998/11, 16 
S-32,0,0,1998/11, 16 
S-34,0,0,1998/11, 19 
S-36,0,0,1998/11, 112 
S-38,0,0,1998/11, 212 
S-39,0,0,1998/11, 12 
S-40,0,0,1998/11, 16 
志樂溪   R010,0,0,1998/11,
谷關上,0,0,1998/11,
S-2,24.25522222,121.1728333,1999/1/4,0
S-4,24.25888889,121.17825,1999/1/4,0
S-6,24.26330556,121.1820833,1999/1/4,0
S-8,24.26580556,121.1878056,1999/1/4,0
S-10,24.26527777,121.1925833,1999/1/4,0
S-12,24.26536111,121.1968333,1999/1/4,0
S-14,24.26438888,121.2035833,1999/1/4,0
S-16,24.26230555,121.2062778,1999/1/4,0
S-18,24.26019444,121.2093611,1999/1/4,0
S-20,24.26163889,121.2117222,1999/1/4,0
S-22,24.26302778,121.2214722,1999/1/4,0
S-24,24.26297222,121.2259167,1999/1/4,0
S-26,24.26602778,121.2280833,1999/1/4,0
S-28,24.26866666,121.2285833,1999/1/4,0
S-30,0,0,1999/1/4,0
S-32,0,0,1999/1/4,0
S-34,0,0,1999/1/4,0
S-36,0,0,1999/1/4,0
S-38,0,0,1999/1/4,0
S-39,0,0,1999/1/4,0
S-40,0,0,1999/1/4,0
志樂溪   R010,0,0,1999/1/4,
谷關上,0,0,1999/1/4,
S-2,24.25522222,121.1728333,1999/5/4,19
S-4,24.25888889,121.17825,1999/5/4,16
S-6,24.26330556,121.1820833,1999/5/4,0
S-8,24.26580556,121.1878056,1999/5/4,19
S-10,24.26527777,121.1925833,1999/5/4,19
S-12,24.26536111,121.1968333,1999/5/4,36
S-14,24.26438888,121.2035833,1999/5/4,24
S-16,24.26230555,121.2062778,1999/5/4,15
S-18,24.26019444,121.2093611,1999/5/4,0
S-20,24.26163889,121.2117222,1999/5/4,33
S-22,24.26302778,121.2214722,1999/5/4,29
S-24,24.26297222,121.2259167,1999/5/4,19
S-26,24.26602778,121.2280833,1999/5/4,13
S-28,24.26866666,121.2285833,1999/5/4,7
S-30,0,0,1999/5/4,27
S-32,0,0,1999/5/4,21
S-34,0,0,1999/5/4,69
S-36,0,0,1999/5/4,27
S-38,0,0,1999/5/4,32
S-39,0,0,1999/5/4,27
S-40,0,0,1999/5/4,27
志樂溪   R010,0,0,1999/5/4,
谷關上,0,0,1999/5/4,
S-2,24.25522222,121.1728333,1999/7/4,75
S-4,24.25888889,121.17825,1999/7/4,37
S-6,24.26330556,121.1820833,1999/7/4,85
S-8,24.26580556,121.1878056,1999/7/4,49
S-10,24.26527777,121.1925833,1999/7/4,52
S-12,24.26536111,121.1968333,1999/7/4,159
S-14,24.26438888,121.2035833,1999/7/4,173
S-16,24.26230555,121.2062778,1999/7/4,123
S-18,24.26019444,121.2093611,1999/7/4,324
S-20,24.26163889,121.2117222,1999/7/4,96
S-22,24.26302778,121.2214722,1999/7/4,436
S-24,24.26297222,121.2259167,1999/7/4,152
S-26,24.26602778,121.2280833,1999/7/4,187
S-28,24.26866666,121.2285833,1999/7/4,133
S-30,0,0,1999/7/4,347
S-32,0,0,1999/7/4,680
S-34,0,0,1999/7/4,148
S-36,0,0,1999/7/4,171
S-38,0,0,1999/7/4,361
S-39,0,0,1999/7/4,321
S-40,0,0,1999/7/4,1595
志樂溪   R010,0,0,1999/7/4,
谷關上,0,0,1999/7/4,
S-2,24.25522222,121.1728333,1999/1/4,1
S-4,24.25888889,121.17825,1999/1/4,0
S-6,24.26330556,121.1820833,1999/1/4,0
S-8,24.26580556,121.1878056,1999/1/4,0
S-10,24.26527777,121.1925833,1999/1/4,0
S-12,24.26536111,121.1968333,1999/1/4,0
S-14,24.26438888,121.2035833,1999/1/4,0
S-16,24.26230555,121.2062778,1999/1/4,0
S-18,24.26019444,121.2093611,1999/1/4,0
S-20,24.26163889,121.2117222,1999/1/4,0
S-22,24.26302778,121.2214722,1999/1/4,1
S-24,24.26297222,121.2259167,1999/1/4,0
S-26,24.26602778,121.2280833,1999/1/4,0
S-28,24.26866666,121.2285833,1999/1/4,3
S-30,0,0,1999/1/4,1
S-32,0,0,1999/1/4,1
S-34,0,0,1999/1/4,1
S-36,0,0,1999/1/4,5
S-38,0,0,1999/1/4,3
S-39,0,0,1999/1/4,25
S-40,0,0,1999/1/4,5
志樂溪   R010,0,0,1999/1/4,
谷關上,0,0,1999/1/4,
S-2,24.25522222,121.1728333,2000/2/4,0
S-4,24.25888889,121.17825,2000/2/4,0
S-6,24.26330556,121.1820833,2000/2/4,0
S-8,24.26580556,121.1878056,2000/2/4,0
S-10,24.26527777,121.1925833,2000/2/4,0
S-12,24.26536111,121.1968333,2000/2/4,0
S-14,24.26438888,121.2035833,2000/2/4,0
S-16,24.26230555,121.2062778,2000/2/4,3
S-18,24.26019444,121.2093611,2000/2/4,0
S-20,24.26163889,121.2117222,2000/2/4,1
S-22,24.26302778,121.2214722,2000/2/4,1
S-24,24.26297222,121.2259167,2000/2/4,0
S-26,24.26602778,121.2280833,2000/2/4,0
S-28,24.26866666,121.2285833,2000/2/4,1
S-30,0,0,2000/2/4,0
S-32,0,0,2000/2/4,3
S-34,0,0,2000/2/4,0
S-36,0,0,2000/2/4,1
S-38,0,0,2000/2/4,3
S-39,0,0,2000/2/4,1
S-40,0,0,2000/2/4,5
志樂溪   R010,0,0,2000/2/4,
谷關上,0,0,2000/2/4,
S-2,24.25522222,121.1728333,2000/7/4,85
S-4,24.25888889,121.17825,2000/7/4,28
S-6,24.26330556,121.1820833,2000/7/4,17
S-8,24.26580556,121.1878056,2000/7/4,51
S-10,24.26527777,121.1925833,2000/7/4,9
S-12,24.26536111,121.1968333,2000/7/4,8
S-14,24.26438888,121.2035833,2000/7/4,15
S-16,24.26230555,121.2062778,2000/7/4,9
S-18,24.26019444,121.2093611,2000/7/4,8
S-20,24.26163889,121.2117222,2000/7/4,8
S-22,24.26302778,121.2214722,2000/7/4,53
S-24,24.26297222,121.2259167,2000/7/4,7
S-26,24.26602778,121.2280833,2000/7/4,49
S-28,24.26866666,121.2285833,2000/7/4,24
S-30,0,0,2000/7/4,69
S-32,0,0,2000/7/4,168
S-34,0,0,2000/7/4,535
S-36,0,0,2000/7/4,39
S-38,0,0,2000/7/4,43
S-39,0,0,2000/7/4,24
S-40,0,0,2000/7/4,25
志樂溪   R010,0,0,2000/7/4,
谷關上,0,0,2000/7/4,
S-2,24.25522222,121.1728333,2000/9/4,1
S-4,24.25888889,121.17825,2000/9/4,1
S-6,24.26330556,121.1820833,2000/9/4,11
S-8,24.26580556,121.1878056,2000/9/4,0
S-10,24.26527777,121.1925833,2000/9/4,1
S-12,24.26536111,121.1968333,2000/9/4,7
S-14,24.26438888,121.2035833,2000/9/4,3
S-16,24.26230555,121.2062778,2000/9/4,4
S-18,24.26019444,121.2093611,2000/9/4,3
S-20,24.26163889,121.2117222,2000/9/4,4
S-22,24.26302778,121.2214722,2000/9/4,3
S-24,24.26297222,121.2259167,2000/9/4,0
S-26,24.26602778,121.2280833,2000/9/4,1
S-28,24.26866666,121.2285833,2000/9/4,0
S-30,0,0,2000/9/4,3
S-32,0,0,2000/9/4,0
S-34,0,0,2000/9/4,0
S-36,0,0,2000/9/4,0
S-38,0,0,2000/9/4,0
S-39,0,0,2000/9/4,1
S-40,0,0,2000/9/4,1
志樂溪   R010,0,0,2000/9/4,
谷關上,0,0,2000/9/4,
S-2,24.25522222,121.1728333,2000/11/4,0
S-4,24.25888889,121.17825,2000/11/4,0
S-6,24.26330556,121.1820833,2000/11/4,0
S-8,24.26580556,121.1878056,2000/11/4,0
S-10,24.26527777,121.1925833,2000/11/4,0
S-12,24.26536111,121.1968333,2000/11/4,1
S-14,24.26438888,121.2035833,2000/11/4,0
S-16,24.26230555,121.2062778,2000/11/4,0
S-18,24.26019444,121.2093611,2000/11/4,0
S-20,24.26163889,121.2117222,2000/11/4,0
S-22,24.26302778,121.2214722,2000/11/4,0
S-24,24.26297222,121.2259167,2000/11/4,1
S-26,24.26602778,121.2280833,2000/11/4,0
S-28,24.26866666,121.2285833,2000/11/4,1
S-30,0,0,2000/11/4,0
S-32,0,0,2000/11/4,1
S-34,0,0,2000/11/4,0
S-36,0,0,2000/11/4,1
S-38,0,0,2000/11/4,0
S-39,0,0,2000/11/4,0
S-40,0,0,2000/11/4,3
志樂溪   R010,0,0,2000/11/4,
谷關上,0,0,2000/11/4,
S-2,24.25522222,121.1728333,2001/2/4,1
S-4,24.25888889,121.17825,2001/2/4,0
S-6,24.26330556,121.1820833,2001/2/4,0
S-8,24.26580556,121.1878056,2001/2/4,0
S-10,24.26527777,121.1925833,2001/2/4,0
S-12,24.26536111,121.1968333,2001/2/4,0
S-14,24.26438888,121.2035833,2001/2/4,0
S-16,24.26230555,121.2062778,2001/2/4,0
S-18,24.26019444,121.2093611,2001/2/4,0
S-20,24.26163889,121.2117222,2001/2/4,0
S-22,24.26302778,121.2214722,2001/2/4,0
S-24,24.26297222,121.2259167,2001/2/4,0
S-26,24.26602778,121.2280833,2001/2/4,0
S-28,24.26866666,121.2285833,2001/2/4,0
S-30,0,0,2001/2/4,1
S-32,0,0,2001/2/4,0
S-34,0,0,2001/2/4,0
S-36,0,0,2001/2/4,0
S-38,0,0,2001/2/4,0
S-39,0,0,2001/2/4,0
S-40,0,0,2001/2/4,0
志樂溪   R010,0,0,2001/2/4,
谷關上,0,0,2001/2/4,
S-2,24.25522222,121.1728333,2001/5/4,4
S-4,24.25888889,121.17825,2001/5/4,4
S-6,24.26330556,121.1820833,2001/5/4,8
S-8,24.26580556,121.1878056,2001/5/4,4
S-10,24.26527777,121.1925833,2001/5/4,9
S-12,24.26536111,121.1968333,2001/5/4,43
S-14,24.26438888,121.2035833,2001/5/4,1
S-16,24.26230555,121.2062778,2001/5/4,5
S-18,24.26019444,121.2093611,2001/5/4,16
S-20,24.26163889,121.2117222,2001/5/4,21
S-22,24.26302778,121.2214722,2001/5/4,8
S-24,24.26297222,121.2259167,2001/5/4,17
S-26,24.26602778,121.2280833,2001/5/4,20
S-28,24.26866666,121.2285833,2001/5/4,11
S-30,0,0,2001/5/4,4
S-32,0,0,2001/5/4,11
S-34,0,0,2001/5/4,27
S-36,0,0,2001/5/4,25
S-38,0,0,2001/5/4,8
S-39,0,0,2001/5/4,40
S-40,0,0,2001/5/4,15
志樂溪   R010,0,0,2001/5/4,
谷關上,0,0,2001/5/4,
S-2,24.25522222,121.1728333,2001/8/4,17
S-4,24.25888889,121.17825,2001/8/4,8
S-6,24.26330556,121.1820833,2001/8/4,17
S-8,24.26580556,121.1878056,2001/8/4,12
S-10,24.26527777,121.1925833,2001/8/4,25
S-12,24.26536111,121.1968333,2001/8/4,20
S-14,24.26438888,121.2035833,2001/8/4,8
S-16,24.26230555,121.2062778,2001/8/4,15
S-18,24.26019444,121.2093611,2001/8/4,75
S-20,24.26163889,121.2117222,2001/8/4,24
S-22,24.26302778,121.2214722,2001/8/4,41
S-24,24.26297222,121.2259167,2001/8/4,220
S-26,24.26602778,121.2280833,2001/8/4,19
S-28,24.26866666,121.2285833,2001/8/4,387
S-30,0,0,2001/8/4,96
S-32,0,0,2001/8/4,77
S-34,0,0,2001/8/4,192
S-36,0,0,2001/8/4,104
S-38,0,0,2001/8/4,211
S-39,0,0,2001/8/4,141
S-40,0,0,2001/8/4,608
志樂溪   R010,0,0,2001/8/4,
谷關上,0,0,2001/8/4,
S-2,24.25522222,121.1728333,2001/10/4,0
S-4,24.25888889,121.17825,2001/10/4,1
S-6,24.26330556,121.1820833,2001/10/4,1
S-8,24.26580556,121.1878056,2001/10/4,0
S-10,24.26527777,121.1925833,2001/10/4,0
S-12,24.26536111,121.1968333,2001/10/4,0
S-14,24.26438888,121.2035833,2001/10/4,1
S-16,24.26230555,121.2062778,2001/10/4,4
S-18,24.26019444,121.2093611,2001/10/4,1
S-20,24.26163889,121.2117222,2001/10/4,9
S-22,24.26302778,121.2214722,2001/10/4,0
S-24,24.26297222,121.2259167,2001/10/4,0
S-26,24.26602778,121.2280833,2001/10/4,0
S-28,24.26866666,121.2285833,2001/10/4,0
S-30,0,0,2001/10/4,9
S-32,0,0,2001/10/4,7
S-34,0,0,2001/10/4,0
S-36,0,0,2001/10/4,3
S-38,0,0,2001/10/4,0
S-39,0,0,2001/10/4,20
S-40,0,0,2001/10/4,5
志樂溪   R010,0,0,2001/10/4,
谷關上,0,0,2001/10/4,
S-2,24.25522222,121.1728333,2002/3/4,1
S-4,24.25888889,121.17825,2002/3/4,1
S-6,24.26330556,121.1820833,2002/3/4,3
S-8,24.26580556,121.1878056,2002/3/4,0
S-10,24.26527777,121.1925833,2002/3/4,0
S-12,24.26536111,121.1968333,2002/3/4,1
S-14,24.26438888,121.2035833,2002/3/4,3
S-16,24.26230555,121.2062778,2002/3/4,0
S-18,24.26019444,121.2093611,2002/3/4,0
S-20,24.26163889,121.2117222,2002/3/4,1
S-22,24.26302778,121.2214722,2002/3/4,1
S-24,24.26297222,121.2259167,2002/3/4,7
S-26,24.26602778,121.2280833,2002/3/4,0
S-28,24.26866666,121.2285833,2002/3/4,0
S-30,0,0,2002/3/4,7
S-32,0,0,2002/3/4,0
S-34,0,0,2002/3/4,0
S-36,0,0,2002/3/4,4
S-38,0,0,2002/3/4,0
S-39,0,0,2002/3/4,3
S-40,0,0,2002/3/4,16
志樂溪   R010,0,0,2002/3/4,
谷關上,0,0,2002/3/4,
S-2,24.25522222,121.1728333,2002/5/4,3
S-4,24.25888889,121.17825,2002/5/4,0
S-6,24.26330556,121.1820833,2002/5/4,1
S-8,24.26580556,121.1878056,2002/5/4,0
S-10,24.26527777,121.1925833,2002/5/4,0
S-12,24.26536111,121.1968333,2002/5/4,0
S-14,24.26438888,121.2035833,2002/5/4,3
S-16,24.26230555,121.2062778,2002/5/4,20
S-18,24.26019444,121.2093611,2002/5/4,5
S-20,24.26163889,121.2117222,2002/5/4,3
S-22,24.26302778,121.2214722,2002/5/4,4
S-24,24.26297222,121.2259167,2002/5/4,0
S-26,24.26602778,121.2280833,2002/5/4,1
S-28,24.26866666,121.2285833,2002/5/4,1
S-30,0,0,2002/5/4,1
S-32,0,0,2002/5/4,0
S-34,0,0,2002/5/4,0
S-36,0,0,2002/5/4,0
S-38,0,0,2002/5/4,0
S-39,0,0,2002/5/4,0
S-40,0,0,2002/5/4,0
志樂溪   R010,0,0,2002/5/4,
谷關上,0,0,2002/5/4,
S-2,24.25522222,121.1728333,2002/8/4,4
S-4,24.25888889,121.17825,2002/8/4,11
S-6,24.26330556,121.1820833,2002/8/4,9
S-8,24.26580556,121.1878056,2002/8/4,7
S-10,24.26527777,121.1925833,2002/8/4,4
S-12,24.26536111,121.1968333,2002/8/4,12
S-14,24.26438888,121.2035833,2002/8/4,13
S-16,24.26230555,121.2062778,2002/8/4,0
S-18,24.26019444,121.2093611,2002/8/4,4
S-20,24.26163889,121.2117222,2002/8/4,1
S-22,24.26302778,121.2214722,2002/8/4,13
S-24,24.26297222,121.2259167,2002/8/4,1
S-26,24.26602778,121.2280833,2002/8/4,13
S-28,24.26866666,121.2285833,2002/8/4,21
S-30,0,0,2002/8/4,13
S-32,0,0,2002/8/4,19
S-34,0,0,2002/8/4,17
S-36,0,0,2002/8/4,5
S-38,0,0,2002/8/4,35
S-39,0,0,2002/8/4,91
S-40,0,0,2002/8/4,24
志樂溪   R010,0,0,2002/8/4,
谷關上,0,0,2002/8/4,
S-2,24.25522222,121.1728333,2002/10/4,0
S-4,24.25888889,121.17825,2002/10/4,0
S-6,24.26330556,121.1820833,2002/10/4,0
S-8,24.26580556,121.1878056,2002/10/4,0
S-10,24.26527777,121.1925833,2002/10/4,0
S-12,24.26536111,121.1968333,2002/10/4,0
S-14,24.26438888,121.2035833,2002/10/4,0
S-16,24.26230555,121.2062778,2002/10/4,0
S-18,24.26019444,121.2093611,2002/10/4,0
S-20,24.26163889,121.2117222,2002/10/4,0
S-22,24.26302778,121.2214722,2002/10/4,0
S-24,24.26297222,121.2259167,2002/10/4,1
S-26,24.26602778,121.2280833,2002/10/4,0
S-28,24.26866666,121.2285833,2002/10/4,1
S-30,0,0,2002/10/4,1
S-32,0,0,2002/10/4,25
S-34,0,0,2002/10/4,0
S-36,0,0,2002/10/4,29
S-38,0,0,2002/10/4,12
S-39,0,0,2002/10/4,35
S-40,0,0,2002/10/4,0
志樂溪   R010,0,0,2002/10/4,
谷關上,0,0,2002/10/4,
S-2,24.25522222,121.1728333,2003/4/4,7
S-4,24.25888889,121.17825,2003/4/4,8
S-6,24.26330556,121.1820833,2003/4/4,0
S-8,24.26580556,121.1878056,2003/4/4,4
S-10,24.26527777,121.1925833,2003/4/4,1
S-12,24.26536111,121.1968333,2003/4/4,4
S-14,24.26438888,121.2035833,2003/4/4,0
S-16,24.26230555,121.2062778,2003/4/4,0
S-18,24.26019444,121.2093611,2003/4/4,3
S-20,24.26163889,121.2117222,2003/4/4,4
S-22,24.26302778,121.2214722,2003/4/4,3
S-24,24.26297222,121.2259167,2003/4/4,12
S-26,24.26602778,121.2280833,2003/4/4,1
S-28,24.26866666,121.2285833,2003/4/4,1
S-30,0,0,2003/4/4,7
S-32,0,0,2003/4/4,7
S-34,0,0,2003/4/4,7
S-36,0,0,2003/4/4,0
S-38,0,0,2003/4/4,1
S-39,0,0,2003/4/4,0
S-40,0,0,2003/4/4,7
志樂溪   R010,0,0,2003/4/4,
谷關上,0,0,2003/4/4,
S-2,24.25522222,121.1728333,2003/6/4,9
S-4,24.25888889,121.17825,2003/6/4,0
S-6,24.26330556,121.1820833,2003/6/4,4
S-8,24.26580556,121.1878056,2003/6/4,3
S-10,24.26527777,121.1925833,2003/6/4,5
S-12,24.26536111,121.1968333,2003/6/4,0
S-14,24.26438888,121.2035833,2003/6/4,3
S-16,24.26230555,121.2062778,2003/6/4,0
S-18,24.26019444,121.2093611,2003/6/4,1
S-20,24.26163889,121.2117222,2003/6/4,1
S-22,24.26302778,121.2214722,2003/6/4,0
S-24,24.26297222,121.2259167,2003/6/4,0
S-26,24.26602778,121.2280833,2003/6/4,0
S-28,24.26866666,121.2285833,2003/6/4,3
S-30,0,0,2003/6/4,1
S-32,0,0,2003/6/4,0
S-34,0,0,2003/6/4,4
S-36,0,0,2003/6/4,0
S-38,0,0,2003/6/4,4
S-39,0,0,2003/6/4,0
S-40,0,0,2003/6/4,0
志樂溪   R010,0,0,2003/6/4,
谷關上,0,0,2003/6/4,
S-2,24.25522222,121.1728333,2003/8/4,225
S-4,24.25888889,121.17825,2003/8/4,40
S-6,24.26330556,121.1820833,2003/8/4,19
S-8,24.26580556,121.1878056,2003/8/4,28
S-10,24.26527777,121.1925833,2003/8/4,0
S-12,24.26536111,121.1968333,2003/8/4,25
S-14,24.26438888,121.2035833,2003/8/4,35
S-16,24.26230555,121.2062778,2003/8/4,19
S-18,24.26019444,121.2093611,2003/8/4,29
S-20,24.26163889,121.2117222,2003/8/4,27
S-22,24.26302778,121.2214722,2003/8/4,48
S-24,24.26297222,121.2259167,2003/8/4,20
S-26,24.26602778,121.2280833,2003/8/4,37
S-28,24.26866666,121.2285833,2003/8/4,48
S-30,0,0,2003/8/4,52
S-32,0,0,2003/8/4,53
S-34,0,0,2003/8/4,52
S-36,0,0,2003/8/4,41
S-38,0,0,2003/8/4,56
S-39,0,0,2003/8/4,285
S-40,0,0,2003/8/4,224
志樂溪   R010,0,0,2003/8/4,
谷關上,0,0,2003/8/4,
S-2,24.25522222,121.1728333,2003/10/4,15
S-4,24.25888889,121.17825,2003/10/4,3
S-6,24.26330556,121.1820833,2003/10/4,0
S-8,24.26580556,121.1878056,2003/10/4,1
S-10,24.26527777,121.1925833,2003/10/4,3
S-12,24.26536111,121.1968333,2003/10/4,3
S-14,24.26438888,121.2035833,2003/10/4,5
S-16,24.26230555,121.2062778,2003/10/4,3
S-18,24.26019444,121.2093611,2003/10/4,9
S-20,24.26163889,121.2117222,2003/10/4,11
S-22,24.26302778,121.2214722,2003/10/4,7
S-24,24.26297222,121.2259167,2003/10/4,11
S-26,24.26602778,121.2280833,2003/10/4,8
S-28,24.26866666,121.2285833,2003/10/4,5
S-30,0,0,2003/10/4,1
S-32,0,0,2003/10/4,1
S-34,0,0,2003/10/4,20
S-36,0,0,2003/10/4,9
S-38,0,0,2003/10/4,9
S-39,0,0,2003/10/4,15
S-40,0,0,2003/10/4,21
志樂溪   R010,0,0,2003/10/4,
谷關上,0,0,2003/10/4,
S-2,24.25522222,121.1728333,2004/2/6,1
S-4,24.25888889,121.17825,2004/2/6,0
S-6,24.26330556,121.1820833,2004/2/6,0
S-8,24.26580556,121.1878056,2004/2/6,0
S-10,24.26527777,121.1925833,2004/2/6,0
S-12,24.26536111,121.1968333,2004/2/6,0
S-14,24.26438888,121.2035833,2004/2/6,0
S-16,24.26230555,121.2062778,2004/2/6,0
S-18,24.26019444,121.2093611,2004/2/6,1
S-20,24.26163889,121.2117222,2004/2/6,0
S-22,24.26302778,121.2214722,2004/2/6,0
S-24,24.26297222,121.2259167,2004/2/6,0
S-26,24.26602778,121.2280833,2004/2/6,0
S-28,24.26866666,121.2285833,2004/2/6,0
S-30,0,0,2004/2/6,1
S-32,0,0,2004/2/6,0
S-34,0,0,2004/2/6,5
S-36,0,0,2004/2/6,0
S-38,0,0,2004/2/6,5
S-39,0,0,2004/2/6,5
S-40,0,0,2004/2/6,0
志樂溪   R010,0,0,2004/2/6,
谷關上,0,0,2004/2/6,
S-2,24.25522222,121.1728333,2004/5/6,1
S-4,24.25888889,121.17825,2004/5/6,8
S-6,24.26330556,121.1820833,2004/5/6,3
S-8,24.26580556,121.1878056,2004/5/6,7
S-10,24.26527777,121.1925833,2004/5/6,1
S-12,24.26536111,121.1968333,2004/5/6,3
S-14,24.26438888,121.2035833,2004/5/6,0
S-16,24.26230555,121.2062778,2004/5/6,4
S-18,24.26019444,121.2093611,2004/5/6,7
S-20,24.26163889,121.2117222,2004/5/6,0
S-22,24.26302778,121.2214722,2004/5/6,5
S-24,24.26297222,121.2259167,2004/5/6,0
S-26,24.26602778,121.2280833,2004/5/6,0
S-28,24.26866666,121.2285833,2004/5/6,9
S-30,0,0,2004/5/6,12
S-32,0,0,2004/5/6,19
S-34,0,0,2004/5/6,20
S-36,0,0,2004/5/6,3
S-38,0,0,2004/5/6,11
S-39,0,0,2004/5/6,9
S-40,0,0,2004/5/6,55
志樂溪   R010,0,0,2004/5/6,
谷關上,0,0,2004/5/6,
S-2,24.25522222,121.1728333,2004/9/6,0
S-4,24.25888889,121.17825,2004/9/6,0
S-6,24.26330556,121.1820833,2004/9/6,0
S-8,24.26580556,121.1878056,2004/9/6,0
S-10,24.26527777,121.1925833,2004/9/6,0
S-12,24.26536111,121.1968333,2004/9/6,0
S-14,24.26438888,121.2035833,2004/9/6,0
S-16,24.26230555,121.2062778,2004/9/6,0
S-18,24.26019444,121.2093611,2004/9/6,0
S-20,24.26163889,121.2117222,2004/9/6,0
S-22,24.26302778,121.2214722,2004/9/6,0
S-24,24.26297222,121.2259167,2004/9/6,0
S-26,24.26602778,121.2280833,2004/9/6,0
S-28,24.26866666,121.2285833,2004/9/6,0
S-30,0,0,2004/9/6,0
S-32,0,0,2004/9/6,0
S-34,0,0,2004/9/6,0
S-36,0,0,2004/9/6,0
S-38,0,0,2004/9/6,0
S-39,0,0,2004/9/6,0
S-40,0,0,2004/9/6,0
志樂溪   R010,0,0,2004/9/6,
谷關上,0,0,2004/9/6,
S-2,24.25522222,121.1728333,2004/11/6,0
S-4,24.25888889,121.17825,2004/11/6,0
S-6,24.26330556,121.1820833,2004/11/6,0
S-8,24.26580556,121.1878056,2004/11/6,5
S-10,24.26527777,121.1925833,2004/11/6,0
S-12,24.26536111,121.1968333,2004/11/6,1
S-14,24.26438888,121.2035833,2004/11/6,0
S-16,24.26230555,121.2062778,2004/11/6,0
S-18,24.26019444,121.2093611,2004/11/6,0
S-20,24.26163889,121.2117222,2004/11/6,0
S-22,24.26302778,121.2214722,2004/11/6,0
S-24,24.26297222,121.2259167,2004/11/6,0
S-26,24.26602778,121.2280833,2004/11/6,0
S-28,24.26866666,121.2285833,2004/11/6,0
S-30,0,0,2004/11/6,0
S-32,0,0,2004/11/6,0
S-34,0,0,2004/11/6,0
S-36,0,0,2004/11/6,0
S-38,0,0,2004/11/6,0
S-39,0,0,2004/11/6,0
S-40,0,0,2004/11/6,0
志樂溪   R010,0,0,2004/11/6,
谷關上,0,0,2004/11/6,
S-2,24.25522222,121.1728333,2005/5/4,0
S-4,24.25888889,121.17825,2005/5/4,0
S-6,24.26330556,121.1820833,2005/5/4,0
S-8,24.26580556,121.1878056,2005/5/4,0
S-10,24.26527777,121.1925833,2005/5/4,0
S-12,24.26536111,121.1968333,2005/5/4,0
S-14,24.26438888,121.2035833,2005/5/4,0
S-16,24.26230555,121.2062778,2005/5/4,0
S-18,24.26019444,121.2093611,2005/5/4,0
S-20,24.26163889,121.2117222,2005/5/4,0
S-22,24.26302778,121.2214722,2005/5/4,0
S-24,24.26297222,121.2259167,2005/5/4,0
S-26,24.26602778,121.2280833,2005/5/4,0
S-28,24.26866666,121.2285833,2005/5/4,0
S-30,0,0,2005/5/4,0
S-32,0,0,2005/5/4,0
S-34,0,0,2005/5/4,0
S-36,0,0,2005/5/4,0
S-38,0,0,2005/5/4,0
S-39,0,0,2005/5/4,0
S-40,0,0,2005/5/4,0
志樂溪   R010,0,0,2005/5/4,
谷關上,0,0,2005/5/4,
S-2,24.25522222,121.1728333,2005/8/6,0
S-4,24.25888889,121.17825,2005/8/6,0
S-6,24.26330556,121.1820833,2005/8/6,0
S-8,24.26580556,121.1878056,2005/8/6,0
S-10,24.26527777,121.1925833,2005/8/6,0
S-12,24.26536111,121.1968333,2005/8/6,0
S-14,24.26438888,121.2035833,2005/8/6,0
S-16,24.26230555,121.2062778,2005/8/6,0
S-18,24.26019444,121.2093611,2005/8/6,0
S-20,24.26163889,121.2117222,2005/8/6,0
S-22,24.26302778,121.2214722,2005/8/6,0
S-24,24.26297222,121.2259167,2005/8/6,0
S-26,24.26602778,121.2280833,2005/8/6,0
S-28,24.26866666,121.2285833,2005/8/6,0
S-30,0,0,2005/8/6,0
S-32,0,0,2005/8/6,0
S-34,0,0,2005/8/6,0
S-36,0,0,2005/8/6,0
S-38,0,0,2005/8/6,0
S-39,0,0,2005/8/6,0
S-40,0,0,2005/8/6,0
志樂溪   R010,0,0,2005/8/6,
谷關上,0,0,2005/8/6,
S-2,24.25522222,121.1728333,2005/10/4,0
S-4,24.25888889,121.17825,2005/10/4,0
S-6,24.26330556,121.1820833,2005/10/4,0
S-8,24.26580556,121.1878056,2005/10/4,0
S-10,24.26527777,121.1925833,2005/10/4,1
S-12,24.26536111,121.1968333,2005/10/4,0
S-14,24.26438888,121.2035833,2005/10/4,0
S-16,24.26230555,121.2062778,2005/10/4,0
S-18,24.26019444,121.2093611,2005/10/4,0
S-20,24.26163889,121.2117222,2005/10/4,0
S-22,24.26302778,121.2214722,2005/10/4,0
S-24,24.26297222,121.2259167,2005/10/4,0
S-26,24.26602778,121.2280833,2005/10/4,0
S-28,24.26866666,121.2285833,2005/10/4,0
S-30,0,0,2005/10/4,0
S-32,0,0,2005/10/4,0
S-34,0,0,2005/10/4,0
S-36,0,0,2005/10/4,0
S-38,0,0,2005/10/4,0
S-39,0,0,2005/10/4,0
S-40,0,0,2005/10/4,0
志樂溪   R010,0,0,2005/10/4,
谷關上,0,0,2005/10/4,
S-2,24.25522222,121.1728333,2005/11/6,0
S-4,24.25888889,121.17825,2005/11/6,0
S-6,24.26330556,121.1820833,2005/11/6,0
S-8,24.26580556,121.1878056,2005/11/6,0
S-10,24.26527777,121.1925833,2005/11/6,0
S-12,24.26536111,121.1968333,2005/11/6,0
S-14,24.26438888,121.2035833,2005/11/6,0
S-16,24.26230555,121.2062778,2005/11/6,0
S-18,24.26019444,121.2093611,2005/11/6,0
S-20,24.26163889,121.2117222,2005/11/6,0
S-22,24.26302778,121.2214722,2005/11/6,0
S-24,24.26297222,121.2259167,2005/11/6,0
S-26,24.26602778,121.2280833,2005/11/6,0
S-28,24.26866666,121.2285833,2005/11/6,0
S-30,0,0,2005/11/6,0
S-32,0,0,2005/11/6,0
S-34,0,0,2005/11/6,0
S-36,0,0,2005/11/6,0
S-38,0,0,2005/11/6,0
S-39,0,0,2005/11/6,0
S-40,0,0,2005/11/6,0
志樂溪   R010,0,0,2005/11/6,
谷關上,0,0,2005/11/6,
S-2,24.25522222,121.1728333,2006/3/4,0
S-4,24.25888889,121.17825,2006/3/4,0
S-6,24.26330556,121.1820833,2006/3/4,0
S-8,24.26580556,121.1878056,2006/3/4,0
S-10,24.26527777,121.1925833,2006/3/4,3
S-12,24.26536111,121.1968333,2006/3/4,1
S-14,24.26438888,121.2035833,2006/3/4,1
S-16,24.26230555,121.2062778,2006/3/4,0
S-18,24.26019444,121.2093611,2006/3/4,3
S-20,24.26163889,121.2117222,2006/3/4,1
S-22,24.26302778,121.2214722,2006/3/4,1
S-24,24.26297222,121.2259167,2006/3/4,0
S-26,24.26602778,121.2280833,2006/3/4,1
S-28,24.26866666,121.2285833,2006/3/4,0
S-30,0,0,2006/3/4,0
S-32,0,0,2006/3/4,1
S-34,0,0,2006/3/4,0
S-36,0,0,2006/3/4,0
S-38,0,0,2006/3/4,0
S-39,0,0,2006/3/4,0
S-40,0,0,2006/3/4,0
志樂溪   R010,0,0,2006/3/4,
谷關上,0,0,2006/3/4,
S-2,24.25522222,121.1728333,2006/6/4,3
S-4,24.25888889,121.17825,2006/6/4,0
S-6,24.26330556,121.1820833,2006/6/4,3
S-8,24.26580556,121.1878056,2006/6/4,3
S-10,24.26527777,121.1925833,2006/6/4,3
S-12,24.26536111,121.1968333,2006/6/4,1
S-14,24.26438888,121.2035833,2006/6/4,1
S-16,24.26230555,121.2062778,2006/6/4,0
S-18,24.26019444,121.2093611,2006/6/4,0
S-20,24.26163889,121.2117222,2006/6/4,1
S-22,24.26302778,121.2214722,2006/6/4,1
S-24,24.26297222,121.2259167,2006/6/4,8
S-26,24.26602778,121.2280833,2006/6/4,5
S-28,24.26866666,121.2285833,2006/6/4,1
S-30,0,0,2006/6/4,0
S-32,0,0,2006/6/4,0
S-34,0,0,2006/6/4,0
S-36,0,0,2006/6/4,0
S-38,0,0,2006/6/4,0
S-39,0,0,2006/6/4,0
S-40,0,0,2006/6/4,0
志樂溪   R010,0,0,2006/6/4,
谷關上,0,0,2006/6/4,
S-2,24.25522222,121.1728333,2006/8/4,0
S-4,24.25888889,121.17825,2006/8/4,0
S-6,24.26330556,121.1820833,2006/8/4,0
S-8,24.26580556,121.1878056,2006/8/4,0
S-10,24.26527777,121.1925833,2006/8/4,0
S-12,24.26536111,121.1968333,2006/8/4,0
S-14,24.26438888,121.2035833,2006/8/4,1
S-16,24.26230555,121.2062778,2006/8/4,0
S-18,24.26019444,121.2093611,2006/8/4,0
S-20,24.26163889,121.2117222,2006/8/4,0
S-22,24.26302778,121.2214722,2006/8/4,0
S-24,24.26297222,121.2259167,2006/8/4,0
S-26,24.26602778,121.2280833,2006/8/4,0
S-28,24.26866666,121.2285833,2006/8/4,0
S-30,0,0,2006/8/4,0
S-32,0,0,2006/8/4,0
S-34,0,0,2006/8/4,0
S-36,0,0,2006/8/4,0
S-38,0,0,2006/8/4,0
S-39,0,0,2006/8/4,0
S-40,0,0,2006/8/4,0
志樂溪   R010,0,0,2006/8/4,
谷關上,0,0,2006/8/4,
S-2,24.25522222,121.1728333,2006/10/4,0
S-4,24.25888889,121.17825,2006/10/4,1
S-6,24.26330556,121.1820833,2006/10/4,0
S-8,24.26580556,121.1878056,2006/10/4,0
S-10,24.26527777,121.1925833,2006/10/4,0
S-12,24.26536111,121.1968333,2006/10/4,0
S-14,24.26438888,121.2035833,2006/10/4,0
S-16,24.26230555,121.2062778,2006/10/4,0
S-18,24.26019444,121.2093611,2006/10/4,4
S-20,24.26163889,121.2117222,2006/10/4,1
S-22,24.26302778,121.2214722,2006/10/4,0
S-24,24.26297222,121.2259167,2006/10/4,3
S-26,24.26602778,121.2280833,2006/10/4,1
S-28,24.26866666,121.2285833,2006/10/4,9
S-30,0,0,2006/10/4,3
S-32,0,0,2006/10/4,8
S-34,0,0,2006/10/4,0
S-36,0,0,2006/10/4,0
S-38,0,0,2006/10/4,0
S-39,0,0,2006/10/4,0
S-40,0,0,2006/10/4,0
志樂溪   R010,0,0,2006/10/4,
谷關上,0,0,2006/10/4,
S-2,24.25522222,121.1728333,2007/2/4,0
S-4,24.25888889,121.17825,2007/2/4,0
S-6,24.26330556,121.1820833,2007/2/4,0
S-8,24.26580556,121.1878056,2007/2/4,0
S-10,24.26527777,121.1925833,2007/2/4,0
S-12,24.26536111,121.1968333,2007/2/4,0
S-14,24.26438888,121.2035833,2007/2/4,0
S-16,24.26230555,121.2062778,2007/2/4,0
S-18,24.26019444,121.2093611,2007/2/4,0
S-20,24.26163889,121.2117222,2007/2/4,1
S-22,24.26302778,121.2214722,2007/2/4,0
S-24,24.26297222,121.2259167,2007/2/4,1
S-26,24.26602778,121.2280833,2007/2/4,0
S-28,24.26866666,121.2285833,2007/2/4,0
S-30,0,0,2007/2/4,3
S-32,0,0,2007/2/4,0
S-34,0,0,2007/2/4,1
S-36,0,0,2007/2/4,1
S-38,0,0,2007/2/4,0
S-39,0,0,2007/2/4,1
S-40,0,0,2007/2/4,0
志樂溪   R010,0,0,2007/2/4,
谷關上,0,0,2007/2/4,
S-2,24.25522222,121.1728333,2007/5/4,24
S-4,24.25888889,121.17825,2007/5/4,11
S-6,24.26330556,121.1820833,2007/5/4,8
S-8,24.26580556,121.1878056,2007/5/4,3
S-10,24.26527777,121.1925833,2007/5/4,12
S-12,24.26536111,121.1968333,2007/5/4,3
S-14,24.26438888,121.2035833,2007/5/4,9
S-16,24.26230555,121.2062778,2007/5/4,8
S-18,24.26019444,121.2093611,2007/5/4,20
S-20,24.26163889,121.2117222,2007/5/4,29
S-22,24.26302778,121.2214722,2007/5/4,92
S-24,24.26297222,121.2259167,2007/5/4,1
S-26,24.26602778,121.2280833,2007/5/4,21
S-28,24.26866666,121.2285833,2007/5/4,109
S-30,0,0,2007/5/4,40
S-32,0,0,2007/5/4,59
S-34,0,0,2007/5/4,3
S-36,0,0,2007/5/4,0
S-38,0,0,2007/5/4,0
S-39,0,0,2007/5/4,0
S-40,0,0,2007/5/4,0
志樂溪   R010,0,0,2007/5/4,
谷關上,0,0,2007/5/4,
S-2,24.25522222,121.1728333,2007/9/4,1
S-4,24.25888889,121.17825,2007/9/4,1
S-6,24.26330556,121.1820833,2007/9/4,1
S-8,24.26580556,121.1878056,2007/9/4,3
S-10,24.26527777,121.1925833,2007/9/4,1
S-12,24.26536111,121.1968333,2007/9/4,1
S-14,24.26438888,121.2035833,2007/9/4,0
S-16,24.26230555,121.2062778,2007/9/4,0
S-18,24.26019444,121.2093611,2007/9/4,4
S-20,24.26163889,121.2117222,2007/9/4,1
S-22,24.26302778,121.2214722,2007/9/4,0
S-24,24.26297222,121.2259167,2007/9/4,1
S-26,24.26602778,121.2280833,2007/9/4,3
S-28,24.26866666,121.2285833,2007/9/4,0
S-30,0,0,2007/9/4,0
S-32,0,0,2007/9/4,0
S-34,0,0,2007/9/4,0
S-36,0,0,2007/9/4,0
S-38,0,0,2007/9/4,0
S-39,0,0,2007/9/4,0
S-40,0,0,2007/9/4,0
志樂溪   R010,0,0,2007/9/4,
谷關上,0,0,2007/9/4,
S-2,24.25522222,121.1728333,2007/10/4,3
S-4,24.25888889,121.17825,2007/10/4,0
S-6,24.26330556,121.1820833,2007/10/4,1
S-8,24.26580556,121.1878056,2007/10/4,0
S-10,24.26527777,121.1925833,2007/10/4,0
S-12,24.26536111,121.1968333,2007/10/4,1
S-14,24.26438888,121.2035833,2007/10/4,0
S-16,24.26230555,121.2062778,2007/10/4,0
S-18,24.26019444,121.2093611,2007/10/4,0
S-20,24.26163889,121.2117222,2007/10/4,1
S-22,24.26302778,121.2214722,2007/10/4,1
S-24,24.26297222,121.2259167,2007/10/4,1
S-26,24.26602778,121.2280833,2007/10/4,0
S-28,24.26866666,121.2285833,2007/10/4,3
S-30,0,0,2007/10/4,0
S-32,0,0,2007/10/4,0
S-34,0,0,2007/10/4,0
S-36,0,0,2007/10/4,0
S-38,0,0,2007/10/4,0
S-39,0,0,2007/10/4,0
S-40,0,0,2007/10/4,0
志樂溪   R010,0,0,2007/10/4,
谷關上,0,0,2007/10/4,
S-2,24.25522222,121.1728333,2008/4/4,4
S-4,24.25888889,121.17825,2008/4/4,4
S-6,24.26330556,121.1820833,2008/4/4,3
S-8,24.26580556,121.1878056,2008/4/4,0
S-10,24.26527777,121.1925833,2008/4/4,1
S-12,24.26536111,121.1968333,2008/4/4,0
S-14,24.26438888,121.2035833,2008/4/4,3
S-16,24.26230555,121.2062778,2008/4/4,1
S-18,24.26019444,121.2093611,2008/4/4,3
S-20,24.26163889,121.2117222,2008/4/4,0
S-22,24.26302778,121.2214722,2008/4/4,0
S-24,24.26297222,121.2259167,2008/4/4,3
S-26,24.26602778,121.2280833,2008/4/4,3
S-28,24.26866666,121.2285833,2008/4/4,1
S-30,0,0,2008/4/4,0
S-32,0,0,2008/4/4,0
S-34,0,0,2008/4/4,0
S-36,0,0,2008/4/4,0
S-38,0,0,2008/4/4,0
S-39,0,0,2008/4/4,0
S-40,0,0,2008/4/4,0
志樂溪   R010,0,0,2008/4/4,
谷關上,0,0,2008/4/4,
S-2,24.25522222,121.1728333,2008/7/4,13
S-4,24.25888889,121.17825,2008/7/4,0
S-6,24.26330556,121.1820833,2008/7/4,4
S-8,24.26580556,121.1878056,2008/7/4,3
S-10,24.26527777,121.1925833,2008/7/4,3
S-12,24.26536111,121.1968333,2008/7/4,1
S-14,24.26438888,121.2035833,2008/7/4,5
S-16,24.26230555,121.2062778,2008/7/4,3
S-18,24.26019444,121.2093611,2008/7/4,5
S-20,24.26163889,121.2117222,2008/7/4,0
S-22,24.26302778,121.2214722,2008/7/4,4
S-24,24.26297222,121.2259167,2008/7/4,3
S-26,24.26602778,121.2280833,2008/7/4,5
S-28,24.26866666,121.2285833,2008/7/4,12
S-30,0,0,2008/7/4,7
S-32,0,0,2008/7/4,7
S-34,0,0,2008/7/4,0
S-36,0,0,2008/7/4,0
S-38,0,0,2008/7/4,0
S-39,0,0,2008/7/4,0
S-40,0,0,2008/7/4,0
志樂溪   R010,0,0,2008/7/4,
谷關上,0,0,2008/7/4,
S-2,24.25522222,121.1728333,2008/9/4,13
S-4,24.25888889,121.17825,2008/9/4,0
S-6,24.26330556,121.1820833,2008/9/4,4
S-8,24.26580556,121.1878056,2008/9/4,3
S-10,24.26527777,121.1925833,2008/9/4,3
S-12,24.26536111,121.1968333,2008/9/4,1
S-14,24.26438888,121.2035833,2008/9/4,5
S-16,24.26230555,121.2062778,2008/9/4,3
S-18,24.26019444,121.2093611,2008/9/4,5
S-20,24.26163889,121.2117222,2008/9/4,0
S-22,24.26302778,121.2214722,2008/9/4,4
S-24,24.26297222,121.2259167,2008/9/4,3
S-26,24.26602778,121.2280833,2008/9/4,5
S-28,24.26866666,121.2285833,2008/9/4,12
S-30,0,0,2008/9/4,7
S-32,0,0,2008/9/4,7
S-34,0,0,2008/9/4,0
S-36,0,0,2008/9/4,0
S-38,0,0,2008/9/4,0
S-39,0,0,2008/9/4,0
S-40,0,0,2008/9/4,0
志樂溪   R010,0,0,2008/9/4,
谷關上,0,0,2008/9/4,
S-2,24.25522222,121.1728333,2008/10/6,0
S-4,24.25888889,121.17825,2008/10/6,0
S-6,24.26330556,121.1820833,2008/10/6,0
S-8,24.26580556,121.1878056,2008/10/6,0
S-10,24.26527777,121.1925833,2008/10/6,0
S-12,24.26536111,121.1968333,2008/10/6,0
S-14,24.26438888,121.2035833,2008/10/6,0
S-16,24.26230555,121.2062778,2008/10/6,0
S-18,24.26019444,121.2093611,2008/10/6,0
S-20,24.26163889,121.2117222,2008/10/6,0
S-22,24.26302778,121.2214722,2008/10/6,0
S-24,24.26297222,121.2259167,2008/10/6,0
S-26,24.26602778,121.2280833,2008/10/6,0
S-28,24.26866666,121.2285833,2008/10/6,0
S-30,0,0,2008/10/6,0
S-32,0,0,2008/10/6,0
S-34,0,0,2008/10/6,0
S-36,0,0,2008/10/6,0
S-38,0,0,2008/10/6,0
S-39,0,0,2008/10/6,12
S-40,0,0,2008/10/6,0
志樂溪   R010,0,0,2008/10/6,
谷關上,0,0,2008/10/6,
S-2,24.25522222,121.1728333,2009/6/1,4
S-4,24.25888889,121.17825,2009/6/1,1
S-6,24.26330556,121.1820833,2009/6/1,2
S-8,24.26580556,121.1878056,2009/6/1,3
S-10,24.26527777,121.1925833,2009/6/1,1
S-12,24.26536111,121.1968333,2009/6/1,2
S-14,24.26438888,121.2035833,2009/6/1,0
S-16,24.26230555,121.2062778,2009/6/1,0
S-18,24.26019444,121.2093611,2009/6/1,4
S-20,24.26163889,121.2117222,2009/6/1,2
S-22,24.26302778,121.2214722,2009/6/1,1
S-24,24.26297222,121.2259167,2009/6/1,2
S-26,24.26602778,121.2280833,2009/6/1,3
S-28,24.26866666,121.2285833,2009/6/1,3
S-30,0,0,2009/6/1,0
S-32,0,0,2009/6/1,0
S-34,0,0,2009/6/1,0
S-36,0,0,2009/6/1,0
S-38,0,0,2009/6/1,0
S-39,0,0,2009/6/1,0
S-40,0,0,2009/6/1,0
志樂溪   R010,0,0,2009/6/1,0
谷關上,0,0,2009/6/1,0
S-2,24.25522222,121.1728333,2009/7/1,3.2
S-4,24.25888889,121.17825,2009/7/1,4
S-6,24.26330556,121.1820833,2009/7/1,3.2
S-8,24.26580556,121.1878056,2009/7/1,2
S-10,24.26527777,121.1925833,2009/7/1,11.6
S-12,24.26536111,121.1968333,2009/7/1,10
S-14,24.26438888,121.2035833,2009/7/1,3.6
S-16,24.26230555,121.2062778,2009/7/1,12
S-18,24.26019444,121.2093611,2009/7/1,10
S-20,24.26163889,121.2117222,2009/7/1,9.6
S-22,24.26302778,121.2214722,2009/7/1,26.8
S-24,24.26297222,121.2259167,2009/7/1,25.2
S-26,24.26602778,121.2280833,2009/7/1,22
S-28,24.26866666,121.2285833,2009/7/1,54.8
S-30,0,0,2009/7/1,14.4
S-32,0,0,2009/7/1,11.2
S-34,0,0,2009/7/1,0
S-36,0,0,2009/7/1,0
S-38,0,0,2009/7/1,0
S-39,0,0,2009/7/1,0
S-40,0,0,2009/7/1,0
志樂溪   R010,0,0,2009/7/1,0
谷關上,0,0,2009/7/1,0
S-2,24.25522222,121.1728333,2009/9/1,26
S-4,24.25888889,121.17825,2009/9/1,0
S-6,24.26330556,121.1820833,2009/9/1,8
S-8,24.26580556,121.1878056,2009/9/1,6
S-10,24.26527777,121.1925833,2009/9/1,6
S-12,24.26536111,121.1968333,2009/9/1,2
S-14,24.26438888,121.2035833,2009/9/1,10
S-16,24.26230555,121.2062778,2009/9/1,6
S-18,24.26019444,121.2093611,2009/9/1,10
S-20,24.26163889,121.2117222,2009/9/1,0
S-22,24.26302778,121.2214722,2009/9/1,8
S-24,24.26297222,121.2259167,2009/9/1,6
S-26,24.26602778,121.2280833,2009/9/1,10
S-28,24.26866666,121.2285833,2009/9/1,24
S-30,0,0,2009/9/1,14
S-32,0,0,2009/9/1,14
S-34,0,0,2009/9/1,0
S-36,0,0,2009/9/1,0
S-38,0,0,2009/9/1,0
S-39,0,0,2009/9/1,0
S-40,0,0,2009/9/1,0
志樂溪   R010,0,0,2009/9/1,0
谷關上,0,0,2009/9/1,0
S-2,24.25522222,121.1728333,2009/10/1,7
S-4,24.25888889,121.17825,2009/10/1,4
S-6,24.26330556,121.1820833,2009/10/1,4
S-8,24.26580556,121.1878056,2009/10/1,0
S-10,24.26527777,121.1925833,2009/10/1,1
S-12,24.26536111,121.1968333,2009/10/1,1
S-14,24.26438888,121.2035833,2009/10/1,3
S-16,24.26230555,121.2062778,2009/10/1,1
S-18,24.26019444,121.2093611,2009/10/1,3
S-20,24.26163889,121.2117222,2009/10/1,1
S-22,24.26302778,121.2214722,2009/10/1,1
S-24,24.26297222,121.2259167,2009/10/1,4
S-26,24.26602778,121.2280833,2009/10/1,3
S-28,24.26866666,121.2285833,2009/10/1,4
S-30,0,0,2009/10/1,0
S-32,0,0,2009/10/1,0
S-34,0,0,2009/10/1,0
S-36,0,0,2009/10/1,0
S-38,0,0,2009/10/1,0
S-39,0,0,2009/10/1,0
S-40,0,0,2009/10/1,0
志樂溪   R010,0,0,2009/10/1,0
谷關上,0,0,2009/10/1,0
S-2,24.25522222,121.1728333,2010/3/1,0
S-4,24.25888889,121.17825,2010/3/1,0
S-6,24.26330556,121.1820833,2010/3/1,0
S-8,24.26580556,121.1878056,2010/3/1,0
S-10,24.26527777,121.1925833,2010/3/1,0
S-12,24.26536111,121.1968333,2010/3/1,0.8
S-14,24.26438888,121.2035833,2010/3/1,0.8
S-16,24.26230555,121.2062778,2010/3/1,3.2
S-18,24.26019444,121.2093611,2010/3/1,1.6
S-20,24.26163889,121.2117222,2010/3/1,1.6
S-22,24.26302778,121.2214722,2010/3/1,0.8
S-24,24.26297222,121.2259167,2010/3/1,0.8
S-26,24.26602778,121.2280833,2010/3/1,0.8
S-28,24.26866666,121.2285833,2010/3/1,0.8
S-30,0,0,2010/3/1,2.4
S-32,0,0,2010/3/1,2.4
S-34,0,0,2010/3/1,0
S-36,0,0,2010/3/1,0
S-38,0,0,2010/3/1,0
S-39,0,0,2010/3/1,0
S-40,0,0,2010/3/1,0
志樂溪   R010,0,0,2010/3/1,0
谷關上,0,0,2010/3/1,0
S-2,24.25522222,121.1728333,2010/5/1,8
S-4,24.25888889,121.17825,2010/5/1,16.8
S-6,24.26330556,121.1820833,2010/5/1,12.8
S-8,24.26580556,121.1878056,2010/5/1,13.2
S-10,24.26527777,121.1925833,2010/5/1,12
S-12,24.26536111,121.1968333,2010/5/1,11.2
S-14,24.26438888,121.2035833,2010/5/1,6.4
S-16,24.26230555,121.2062778,2010/5/1,21.2
S-18,24.26019444,121.2093611,2010/5/1,18.8
S-20,24.26163889,121.2117222,2010/5/1,30.8
S-22,24.26302778,121.2214722,2010/5/1,17.2
S-24,24.26297222,121.2259167,2010/5/1,58.8
S-26,24.26602778,121.2280833,2010/5/1,43.6
S-28,24.26866666,121.2285833,2010/5/1,26.4
S-30,0,0,2010/5/1,30
S-32,0,0,2010/5/1,15.2
S-34,0,0,2010/5/1,0
S-36,0,0,2010/5/1,0
S-38,0,0,2010/5/1,0
S-39,0,0,2010/5/1,0
S-40,0,0,2010/5/1,0
志樂溪   R010,0,0,2010/5/1,0
谷關上,0,0,2010/5/1,0
S-2,24.25522222,121.1728333,2010/7/1,17.2
S-4,24.25888889,121.17825,2010/7/1,24.8
S-6,24.26330556,121.1820833,2010/7/1,20.4
S-8,24.26580556,121.1878056,2010/7/1,16.8
S-10,24.26527777,121.1925833,2010/7/1,18.4
S-12,24.26536111,121.1968333,2010/7/1,17.2
S-14,24.26438888,121.2035833,2010/7/1,16
S-16,24.26230555,121.2062778,2010/7/1,21.2
S-18,24.26019444,121.2093611,2010/7/1,18.8
S-20,24.26163889,121.2117222,2010/7/1,20.4
S-22,24.26302778,121.2214722,2010/7/1,22.4
S-24,24.26297222,121.2259167,2010/7/1,19.6
S-26,24.26602778,121.2280833,2010/7/1,37.6
S-28,24.26866666,121.2285833,2010/7/1,0
S-30,0,0,2010/7/1,0
S-32,0,0,2010/7/1,0
S-34,0,0,2010/7/1,0
S-36,0,0,2010/7/1,0
S-38,0,0,2010/7/1,0
S-39,0,0,2010/7/1,0
S-40,0,0,2010/7/1,0
志樂溪   R010,0,0,2010/7/1,0
谷關上,0,0,2010/7/1,0
S-2,24.25522222,121.1728333,2010/10/1,3.68
S-4,24.25888889,121.17825,2010/10/1,2.88
S-6,24.26330556,121.1820833,2010/10/1,5.2
S-8,24.26580556,121.1878056,2010/10/1,3.36
S-10,24.26527777,121.1925833,2010/10/1,0.32
S-12,24.26536111,121.1968333,2010/10/1,1.6
S-14,24.26438888,121.2035833,2010/10/1,2.56
S-16,24.26230555,121.2062778,2010/10/1,2.48
S-18,24.26019444,121.2093611,2010/10/1,4
S-20,24.26163889,121.2117222,2010/10/1,0.88
S-22,24.26302778,121.2214722,2010/10/1,0.64
S-24,24.26297222,121.2259167,2010/10/1,1.92
S-26,24.26602778,121.2280833,2010/10/1,2.8
S-28,24.26866666,121.2285833,2010/10/1,2.8
S-30,0,0,2010/10/1,2.8
S-32,0,0,2010/10/1,4.08
S-34,0,0,2010/10/1,0
S-36,0,0,2010/10/1,0
S-38,0,0,2010/10/1,0
S-39,0,0,2010/10/1,0
S-40,0,0,2010/10/1,0
志樂溪   R010,0,0,2010/10/1,0
谷關上,0,0,2010/10/1,0
S-2,24.25522222,121.1728333,2011/9/1,7.2
S-4,24.25888889,121.17825,2011/9/1,6.4
S-6,24.26330556,121.1820833,2011/9/1,5.6
S-8,24.26580556,121.1878056,2011/9/1,9.6
S-10,24.26527777,121.1925833,2011/9/1,3.2
S-12,24.26536111,121.1968333,2011/9/1,8.8
S-14,24.26438888,121.2035833,2011/9/1,29.6
S-16,24.26230555,121.2062778,2011/9/1,9.6
S-18,24.26019444,121.2093611,2011/9/1,6.4
S-20,24.26163889,121.2117222,2011/9/1,14.4
S-22,24.26302778,121.2214722,2011/9/1,21.6
S-24,24.26297222,121.2259167,2011/9/1,89.6
S-26,24.26602778,121.2280833,2011/9/1,81.6
S-28,24.26866666,121.2285833,2011/9/1,584
S-30,0,0,2011/9/1,124
S-32,0,0,2011/9/1,684
S-34,0,0,2011/9/1,0
S-36,0,0,2011/9/1,0
S-38,0,0,2011/9/1,0
S-39,0,0,2011/9/1,0
S-40,0,0,2011/9/1,0
志樂溪   R010,0,0,2011/9/1,0
谷關上,0,0,2011/9/1,0
S-2,24.25522222,121.1728333,2011/10/1,17.6
S-4,24.25888889,121.17825,2011/10/1,3.04
S-6,24.26330556,121.1820833,2011/10/1,1.28
S-8,24.26580556,121.1878056,2011/10/1,0.8
S-10,24.26527777,121.1925833,2011/10/1,0.32
S-12,24.26536111,121.1968333,2011/10/1,1.12
S-14,24.26438888,121.2035833,2011/10/1,0.48
S-16,24.26230555,121.2062778,2011/10/1,1.6
S-18,24.26019444,121.2093611,2011/10/1,3.68
S-20,24.26163889,121.2117222,2011/10/1,0.96
S-22,24.26302778,121.2214722,2011/10/1,5.44
S-24,24.26297222,121.2259167,2011/10/1,3.68
S-26,24.26602778,121.2280833,2011/10/1,5.28
S-28,24.26866666,121.2285833,2011/10/1,16.48
S-30,0,0,2011/10/1,15.68
S-32,0,0,2011/10/1,44.48
S-34,0,0,2011/10/1,0
S-36,0,0,2011/10/1,0
S-38,0,0,2011/10/1,0
S-39,0,0,2011/10/1,0
S-40,0,0,2011/10/1,0
志樂溪   R010,0,0,2011/10/1,0
谷關上,0,0,2011/10/1,0
S-2,24.25522222,121.1728333,2012/2/1,5.6
S-4,24.25888889,121.17825,2012/2/1,0.64
S-6,24.26330556,121.1820833,2012/2/1,2.4
S-8,24.26580556,121.1878056,2012/2/1,0.8
S-10,24.26527777,121.1925833,2012/2/1,0.8
S-12,24.26536111,121.1968333,2012/2/1,4.8
S-14,24.26438888,121.2035833,2012/2/1,1.6
S-16,24.26230555,121.2062778,2012/2/1,2.4
S-18,24.26019444,121.2093611,2012/2/1,4
S-20,24.26163889,121.2117222,2012/2/1,7.2
S-22,24.26302778,121.2214722,2012/2/1,3.2
S-24,24.26297222,121.2259167,2012/2/1,19.2
S-26,24.26602778,121.2280833,2012/2/1,10.4
S-28,24.26866666,121.2285833,2012/2/1,10.4
S-30,0,0,2012/2/1,35.2
S-32,0,0,2012/2/1,37.6
S-34,0,0,2012/2/1,0
S-36,0,0,2012/2/1,0
S-38,0,0,2012/2/1,0
S-39,0,0,2012/2/1,0
S-40,0,0,2012/2/1,0
志樂溪   R010,0,0,2012/2/1,0
谷關上,0,0,2012/2/1,0
S-2,24.25522222,121.1728333,2012/4/1,22.4
S-4,24.25888889,121.17825,2012/4/1,2.4
S-6,24.26330556,121.1820833,2012/4/1,4.8
S-8,24.26580556,121.1878056,2012/4/1,11.2
S-10,24.26527777,121.1925833,2012/4/1,4
S-12,24.26536111,121.1968333,2012/4/1,12.8
S-14,24.26438888,121.2035833,2012/4/1,13.6
S-16,24.26230555,121.2062778,2012/4/1,52
S-18,24.26019444,121.2093611,2012/4/1,28
S-20,24.26163889,121.2117222,2012/4/1,46.4
S-22,24.26302778,121.2214722,2012/4/1,57.6
S-24,24.26297222,121.2259167,2012/4/1,59.2
S-26,24.26602778,121.2280833,2012/4/1,44.8
S-28,24.26866666,121.2285833,2012/4/1,204
S-30,0,0,2012/4/1,85.6
S-32,0,0,2012/4/1,211.2
S-34,0,0,2012/4/1,0
S-36,0,0,2012/4/1,0
S-38,0,0,2012/4/1,0
S-39,0,0,2012/4/1,0
S-40,0,0,2012/4/1,0
志樂溪   R010,0,0,2012/4/1,0
谷關上,0,0,2012/4/1,0
S-2,24.25522222,121.1728333,2013/3/1,2.4
S-4,24.25888889,121.17825,2013/3/1,0
S-6,24.26330556,121.1820833,2013/3/1,2.4
S-8,24.26580556,121.1878056,2013/3/1,9.6
S-10,24.26527777,121.1925833,2013/3/1,0
S-12,24.26536111,121.1968333,2013/3/1,20
S-14,24.26438888,121.2035833,2013/3/1,4
S-16,24.26230555,121.2062778,2013/3/1,0
S-18,24.26019444,121.2093611,2013/3/1,12
S-20,24.26163889,121.2117222,2013/3/1,0
S-22,24.26302778,121.2214722,2013/3/1,7.2
S-24,24.26297222,121.2259167,2013/3/1,38.4
S-26,24.26602778,121.2280833,2013/3/1,16.8
S-28,24.26866666,121.2285833,2013/3/1,33.6
S-30,0,0,2013/3/1,0
S-32,0,0,2013/3/1,14.4
S-34,0,0,2013/3/1,0
S-36,0,0,2013/3/1,0
S-38,0,0,2013/3/1,0
S-39,0,0,2013/3/1,0
S-40,0,0,2013/3/1,0
志樂溪   R010,0,0,2013/3/1,0
谷關上,0,0,2013/3/1,0
S-2,24.25522222,121.1728333,2013/5/1,0.8
S-4,24.25888889,121.17825,2013/5/1,0
S-6,24.26330556,121.1820833,2013/5/1,1.6
S-8,24.26580556,121.1878056,2013/5/1,16.8
S-10,24.26527777,121.1925833,2013/5/1,0
S-12,24.26536111,121.1968333,2013/5/1,11.2
S-14,24.26438888,121.2035833,2013/5/1,1.6
S-16,24.26230555,121.2062778,2013/5/1,0
S-18,24.26019444,121.2093611,2013/5/1,4.8
S-20,24.26163889,121.2117222,2013/5/1,0
S-22,24.26302778,121.2214722,2013/5/1,12.8
S-24,24.26297222,121.2259167,2013/5/1,24.8
S-26,24.26602778,121.2280833,2013/5/1,50.4
S-28,24.26866666,121.2285833,2013/5/1,0
S-30,0,0,2013/5/1,0
S-32,0,0,2013/5/1,0
S-34,0,0,2013/5/1,0
S-36,0,0,2013/5/1,0
S-38,0,0,2013/5/1,0
S-39,0,0,2013/5/1,0
S-40,0,0,2013/5/1,0
志樂溪   R010,0,0,2013/5/1,0
谷關上,0,0,2013/5/1,0
S-2,24.25522222,121.1728333,2013/9/1,11.2
S-4,24.25888889,121.17825,2013/9/1,0
S-6,24.26330556,121.1820833,2013/9/1,23.2
S-8,24.26580556,121.1878056,2013/9/1,139.2
S-10,24.26527777,121.1925833,2013/9/1,0
S-12,24.26536111,121.1968333,2013/9/1,56
S-14,24.26438888,121.2035833,2013/9/1,146.4
S-16,24.26230555,121.2062778,2013/9/1,0
S-18,24.26019444,121.2093611,2013/9/1,80
S-20,24.26163889,121.2117222,2013/9/1,0
S-22,24.26302778,121.2214722,2013/9/1,140
S-24,24.26297222,121.2259167,2013/9/1,116.8
S-26,24.26602778,121.2280833,2013/9/1,76.8
S-28,24.26866666,121.2285833,2013/9/1,180
S-30,0,0,2013/9/1,0
S-32,0,0,2013/9/1,462.4
S-34,0,0,2013/9/1,0
S-36,0,0,2013/9/1,0
S-38,0,0,2013/9/1,0
S-39,0,0,2013/9/1,0
S-40,0,0,2013/9/1,0
志樂溪   R010,0,0,2013/9/1,0
谷關上,0,0,2013/9/1,0
S-2,24.25522222,121.1728333,2013/10/1,10.4
S-4,24.25888889,121.17825,2013/10/1,0
S-6,24.26330556,121.1820833,2013/10/1,3.2
S-8,24.26580556,121.1878056,2013/10/1,8.8
S-10,24.26527777,121.1925833,2013/10/1,0
S-12,24.26536111,121.1968333,2013/10/1,5.6
S-14,24.26438888,121.2035833,2013/10/1,4.8
S-16,24.26230555,121.2062778,2013/10/1,0
S-18,24.26019444,121.2093611,2013/10/1,9.6
S-20,24.26163889,121.2117222,2013/10/1,0
S-22,24.26302778,121.2214722,2013/10/1,15.2
S-24,24.26297222,121.2259167,2013/10/1,52
S-26,24.26602778,121.2280833,2013/10/1,44
S-28,24.26866666,121.2285833,2013/10/1,96.8
S-30,0,0,2013/10/1,0
S-32,0,0,2013/10/1,79.2
S-34,0,0,2013/10/1,0
S-36,0,0,2013/10/1,0
S-38,0,0,2013/10/1,0
S-39,0,0,2013/10/1,0
S-40,0,0,2013/10/1,0
志樂溪   R010,0,0,2013/10/1,0
谷關上,0,0,2013/10/1,0
S-2,24.25522222,121.1728333,2014/4/1,559
S-4,24.25888889,121.17825,2014/4/1,153
S-6,24.26330556,121.1820833,2014/4/1,78
S-8,24.26580556,121.1878056,2014/4/1,235
S-10,24.26527777,121.1925833,2014/4/1,297
S-12,24.26536111,121.1968333,2014/4/1,438
S-14,24.26438888,121.2035833,2014/4/1,315
S-16,24.26230555,121.2062778,2014/4/1,629
S-18,24.26019444,121.2093611,2014/4/1,237
S-20,24.26163889,121.2117222,2014/4/1,214
S-22,24.26302778,121.2214722,2014/4/1,1263
S-24,24.26297222,121.2259167,2014/4/1,571
S-26,24.26602778,121.2280833,2014/4/1,488
S-28,24.26866666,121.2285833,2014/4/1,0
S-30,0,0,2014/4/1,0
S-32,0,0,2014/4/1,0
S-34,0,0,2014/4/1,0
S-36,0,0,2014/4/1,0
S-38,0,0,2014/4/1,0
S-39,0,0,2014/4/1,0
S-40,0,0,2014/4/1,0
志樂溪   R010,0,0,2014/4/1,0
谷關上,0,0,2014/4/1,0
S-2,24.25522222,121.1728333,2014/6/1,317
S-4,24.25888889,121.17825,2014/6/1,706
S-6,24.26330556,121.1820833,2014/6/1,257
S-8,24.26580556,121.1878056,2014/6/1,1204
S-10,24.26527777,121.1925833,2014/6/1,373
S-12,24.26536111,121.1968333,2014/6/1,552
S-14,24.26438888,121.2035833,2014/6/1,756
S-16,24.26230555,121.2062778,2014/6/1,1059
S-18,24.26019444,121.2093611,2014/6/1,841
S-20,24.26163889,121.2117222,2014/6/1,993
S-22,24.26302778,121.2214722,2014/6/1,2867
S-24,24.26297222,121.2259167,2014/6/1,3639
S-26,24.26602778,121.2280833,2014/6/1,0
S-28,24.26866666,121.2285833,2014/6/1,0
S-30,0,0,2014/6/1,0
S-32,0,0,2014/6/1,0
S-34,0,0,2014/6/1,0
S-36,0,0,2014/6/1,0
S-38,0,0,2014/6/1,0
S-39,0,0,2014/6/1,0
S-40,0,0,2014/6/1,0
志樂溪   R010,0,0,2014/6/1,223.4649123
谷關上,0,0,2014/6/1,280.5965217
S-2,24.25522222,121.1728333,2014/8/1,59
S-4,24.25888889,121.17825,2014/8/1,0
S-6,24.26330556,121.1820833,2014/8/1,215
S-8,24.26580556,121.1878056,2014/8/1,165
S-10,24.26527777,121.1925833,2014/8/1,126
S-12,24.26536111,121.1968333,2014/8/1,167
S-14,24.26438888,121.2035833,2014/8/1,112
S-16,24.26230555,121.2062778,2014/8/1,400
S-18,24.26019444,121.2093611,2014/8/1,524
S-20,24.26163889,121.2117222,2014/8/1,603
S-22,24.26302778,121.2214722,2014/8/1,1093
S-24,24.26297222,121.2259167,2014/8/1,1566
S-26,24.26602778,121.2280833,2014/8/1,1272
S-28,24.26866666,121.2285833,2014/8/1,2766
S-30,0,0,2014/8/1,1393
S-32,0,0,2014/8/1,937
S-34,0,0,2014/8/1,1148
S-36,0,0,2014/8/1,0
S-38,0,0,2014/8/1,0
S-39,0,0,2014/8/1,0
S-40,0,0,2014/8/1,0
志樂溪   R010,0,0,2014/8/1,0
谷關上,0,0,2014/8/1,0
S-2,24.25522222,121.1728333,2014/10/1,21
S-4,24.25888889,121.17825,2014/10/1,123
S-6,24.26330556,121.1820833,2014/10/1,26
S-8,24.26580556,121.1878056,2014/10/1,60
S-10,24.26527777,121.1925833,2014/10/1,48
S-12,24.26536111,121.1968333,2014/10/1,138
S-14,24.26438888,121.2035833,2014/10/1,77
S-16,24.26230555,121.2062778,2014/10/1,50
S-18,24.26019444,121.2093611,2014/10/1,24
S-20,24.26163889,121.2117222,2014/10/1,96
S-22,24.26302778,121.2214722,2014/10/1,44
S-24,24.26297222,121.2259167,2014/10/1,102
S-26,24.26602778,121.2280833,2014/10/1,101
S-28,24.26866666,121.2285833,2014/10/1,119
S-30,0,0,2014/10/1,98
S-32,0,0,2014/10/1,78
S-34,0,0,2014/10/1,201
S-36,0,0,2014/10/1,0
S-38,0,0,2014/10/1,0
S-39,0,0,2014/10/1,0
S-40,0,0,2014/10/1,0
志樂溪   R010,0,0,2014/10/1,0
谷關上,0,0,2014/10/1,0
S-2,24.25522222,121.1728333,2015/3/1,0
S-4,24.25888889,121.17825,2015/3/1,0
S-6,24.26330556,121.1820833,2015/3/1,0
S-8,24.26580556,121.1878056,2015/3/1,0
S-10,24.26527777,121.1925833,2015/3/1,0
S-12,24.26536111,121.1968333,2015/3/1,0
S-14,24.26438888,121.2035833,2015/3/1,8
S-16,24.26230555,121.2062778,2015/3/1,7
S-18,24.26019444,121.2093611,2015/3/1,21
S-20,24.26163889,121.2117222,2015/3/1,20
S-22,24.26302778,121.2214722,2015/3/1,18
S-24,24.26297222,121.2259167,2015/3/1,27
S-26,24.26602778,121.2280833,2015/3/1,0
S-28,24.26866666,121.2285833,2015/3/1,0
S-30,0,0,2015/3/1,0
S-32,0,0,2015/3/1,0
S-34,0,0,2015/3/1,0
S-36,0,0,2015/3/1,0
S-38,0,0,2015/3/1,0
S-39,0,0,2015/3/1,0
S-40,0,0,2015/3/1,0
志樂溪   R010,0,0,2015/3/1,0
谷關上,0,0,2015/3/1,0
S-2,24.25522222,121.1728333,2015/5/1,38
S-4,24.25888889,121.17825,2015/5/1,94
S-6,24.26330556,121.1820833,2015/5/1,21
S-8,24.26580556,121.1878056,2015/5/1,46
S-10,24.26527777,121.1925833,2015/5/1,22
S-12,24.26536111,121.1968333,2015/5/1,24
S-14,24.26438888,121.2035833,2015/5/1,64
S-16,24.26230555,121.2062778,2015/5/1,31
S-18,24.26019444,121.2093611,2015/5/1,0
S-20,24.26163889,121.2117222,2015/5/1,60
S-22,24.26302778,121.2214722,2015/5/1,45
S-24,24.26297222,121.2259167,2015/5/1,0
S-26,24.26602778,121.2280833,2015/5/1,0
S-28,24.26866666,121.2285833,2015/5/1,0
S-30,0,0,2015/5/1,0
S-32,0,0,2015/5/1,0
S-34,0,0,2015/5/1,0
S-36,0,0,2015/5/1,0
S-38,0,0,2015/5/1,0
S-39,0,0,2015/5/1,0
S-40,0,0,2015/5/1,0
志樂溪   R010,0,0,2015/5/1,0
谷關上,0,0,2015/5/1,0
S-2,24.25522222,121.1728333,2015/8/1,215
S-4,24.25888889,121.17825,2015/8/1,161
S-6,24.26330556,121.1820833,2015/8/1,106
S-8,24.26580556,121.1878056,2015/8/1,2469
S-10,24.26527777,121.1925833,2015/8/1,117
S-12,24.26536111,121.1968333,2015/8/1,636
S-14,24.26438888,121.2035833,2015/8/1,207
S-16,24.26230555,121.2062778,2015/8/1,634
S-18,24.26019444,121.2093611,2015/8/1,521
S-20,24.26163889,121.2117222,2015/8/1,531
S-22,24.26302778,121.2214722,2015/8/1,646
S-24,24.26297222,121.2259167,2015/8/1,1765
S-26,24.26602778,121.2280833,2015/8/1,812
S-28,24.26866666,121.2285833,2015/8/1,2876
S-30,0,0,2015/8/1,0
S-32,0,0,2015/8/1,0
S-34,0,0,2015/8/1,0
S-36,0,0,2015/8/1,0
S-38,0,0,2015/8/1,0
S-39,0,0,2015/8/1,0
S-40,0,0,2015/8/1,0
志樂溪   R010,0,0,2015/8/1,0
谷關上,0,0,2015/8/1,0
S-2,24.25522222,121.1728333,2015/10/1,385
S-4,24.25888889,121.17825,2015/10/1,119
S-6,24.26330556,121.1820833,2015/10/1,203
S-8,24.26580556,121.1878056,2015/10/1,110
S-10,24.26527777,121.1925833,2015/10/1,0
S-12,24.26536111,121.1968333,2015/10/1,100
S-14,24.26438888,121.2035833,2015/10/1,334
S-16,24.26230555,121.2062778,2015/10/1,276
S-18,24.26019444,121.2093611,2015/10/1,633
S-20,24.26163889,121.2117222,2015/10/1,645
S-22,24.26302778,121.2214722,2015/10/1,463
S-24,24.26297222,121.2259167,2015/10/1,1184
S-26,24.26602778,121.2280833,2015/10/1,638
S-28,24.26866666,121.2285833,2015/10/1,187
S-30,0,0,2015/10/1,0
S-32,0,0,2015/10/1,0
S-34,0,0,2015/10/1,0
S-36,0,0,2015/10/1,0
S-38,0,0,2015/10/1,0
S-39,0,0,2015/10/1,0
S-40,0,0,2015/10/1,0
志樂溪   R010,0,0,2015/10/1,0
谷關上,0,0,2015/10/1,0
S-2,24.25522222,121.1728333,2016/4/1,21
S-4,24.25888889,121.17825,2016/4/1,109
S-6,24.26330556,121.1820833,2016/4/1,108
S-8,24.26580556,121.1878056,2016/4/1,0
S-10,24.26527777,121.1925833,2016/4/1,27
S-12,24.26536111,121.1968333,2016/4/1,108
S-14,24.26438888,121.2035833,2016/4/1,37
S-16,24.26230555,121.2062778,2016/4/1,30
S-18,24.26019444,121.2093611,2016/4/1,77
S-20,24.26163889,121.2117222,2016/4/1,25
S-22,24.26302778,121.2214722,2016/4/1,221
S-24,24.26297222,121.2259167,2016/4/1,589
S-26,24.26602778,121.2280833,2016/4/1,506
S-28,24.26866666,121.2285833,2016/4/1,424
S-30,0,0,2016/4/1,321
S-32,0,0,2016/4/1,334
S-34,0,0,2016/4/1,268
S-36,0,0,2016/4/1,0
S-38,0,0,2016/4/1,0
S-39,0,0,2016/4/1,0
S-40,0,0,2016/4/1,0
志樂溪   R010,0,0,2016/4/1,0
谷關上,0,0,2016/4/1,0
S-2,24.25522222,121.1728333,2016/6/1,525
S-4,24.25888889,121.17825,2016/6/1,1073
S-6,24.26330556,121.1820833,2016/6/1,769
S-8,24.26580556,121.1878056,2016/6/1,531
S-10,24.26527777,121.1925833,2016/6/1,1345
S-12,24.26536111,121.1968333,2016/6/1,969
S-14,24.26438888,121.2035833,2016/6/1,534
S-16,24.26230555,121.2062778,2016/6/1,615
S-18,24.26019444,121.2093611,2016/6/1,754
S-20,24.26163889,121.2117222,2016/6/1,678
S-22,24.26302778,121.2214722,2016/6/1,842
S-24,24.26297222,121.2259167,2016/6/1,2835
S-26,24.26602778,121.2280833,2016/6/1,725
S-28,24.26866666,121.2285833,2016/6/1,297
S-30,0,0,2016/6/1,573
S-32,0,0,2016/6/1,595
S-34,0,0,2016/6/1,0
S-36,0,0,2016/6/1,0
S-38,0,0,2016/6/1,0
S-39,0,0,2016/6/1,0
S-40,0,0,2016/6/1,0
志樂溪   R010,0,0,2016/6/1,0
谷關上,0,0,2016/6/1,0
S-2,24.25522222,121.1728333,2016/8/1,757
S-4,24.25888889,121.17825,2016/8/1,363
S-6,24.26330556,121.1820833,2016/8/1,244
S-8,24.26580556,121.1878056,2016/8/1,498
S-10,24.26527777,121.1925833,2016/8/1,107
S-12,24.26536111,121.1968333,2016/8/1,187
S-14,24.26438888,121.2035833,2016/8/1,187
S-16,24.26230555,121.2062778,2016/8/1,132
S-18,24.26019444,121.2093611,2016/8/1,240
S-20,24.26163889,121.2117222,2016/8/1,889
S-22,24.26302778,121.2214722,2016/8/1,534
S-24,24.26297222,121.2259167,2016/8/1,578
S-26,24.26602778,121.2280833,2016/8/1,4803
S-28,24.26866666,121.2285833,2016/8/1,1023
S-30,0,0,2016/8/1,0
S-32,0,0,2016/8/1,0
S-34,0,0,2016/8/1,0
S-36,0,0,2016/8/1,0
S-38,0,0,2016/8/1,0
S-39,0,0,2016/8/1,0
S-40,0,0,2016/8/1,0
志樂溪   R010,0,0,2016/8/1,0
谷關上,0,0,2016/8/1,0
S-2,24.25522222,121.1728333,2016/10/1,37
S-4,24.25888889,121.17825,2016/10/1,40
S-6,24.26330556,121.1820833,2016/10/1,134
S-8,24.26580556,121.1878056,2016/10/1,96
S-10,24.26527777,121.1925833,2016/10/1,193
S-12,24.26536111,121.1968333,2016/10/1,81
S-14,24.26438888,121.2035833,2016/10/1,127
S-16,24.26230555,121.2062778,2016/10/1,306
S-18,24.26019444,121.2093611,2016/10/1,351
S-20,24.26163889,121.2117222,2016/10/1,125
S-22,24.26302778,121.2214722,2016/10/1,31
S-24,24.26297222,121.2259167,2016/10/1,130
S-26,24.26602778,121.2280833,2016/10/1,71
S-28,24.26866666,121.2285833,2016/10/1,112
S-30,0,0,2016/10/1,62
S-32,0,0,2016/10/1,236
S-34,0,0,2016/10/1,0
S-36,0,0,2016/10/1,0
S-38,0,0,2016/10/1,0
S-39,0,0,2016/10/1,0
S-40,0,0,2016/10/1,0
志樂溪   R010,0,0,2016/10/1,0
谷關上,0,0,2016/10/1,0
S-2,24.25522222,121.1728333,2017/3/1,6
S-4,24.25888889,121.17825,2017/3/1,6
S-6,24.26330556,121.1820833,2017/3/1,3
S-8,24.26580556,121.1878056,2017/3/1,32
S-10,24.26527777,121.1925833,2017/3/1,6
S-12,24.26536111,121.1968333,2017/3/1,8
S-14,24.26438888,121.2035833,2017/3/1,15
S-16,24.26230555,121.2062778,2017/3/1,36
S-18,24.26019444,121.2093611,2017/3/1,3
S-20,24.26163889,121.2117222,2017/3/1,6
S-22,24.26302778,121.2214722,2017/3/1,4
S-24,24.26297222,121.2259167,2017/3/1,2
S-26,24.26602778,121.2280833,2017/3/1,0
S-28,24.26866666,121.2285833,2017/3/1,0
S-30,0,0,2017/3/1,0
S-32,0,0,2017/3/1,0
S-34,0,0,2017/3/1,0
S-36,0,0,2017/3/1,0
S-38,0,0,2017/3/1,0
S-39,0,0,2017/3/1,0
S-40,0,0,2017/3/1,0
志樂溪   R010,0,0,2017/3/1,0
谷關上,0,0,2017/3/1,0
S-2,24.25522222,121.1728333,2017/6/1,0
S-4,24.25888889,121.17825,2017/6/1,56
S-6,24.26330556,121.1820833,2017/6/1,65
S-8,24.26580556,121.1878056,2017/6/1,0
S-10,24.26527777,121.1925833,2017/6/1,69
S-12,24.26536111,121.1968333,2017/6/1,58
S-14,24.26438888,121.2035833,2017/6/1,68
S-16,24.26230555,121.2062778,2017/6/1,54
S-18,24.26019444,121.2093611,2017/6/1,249
S-20,24.26163889,121.2117222,2017/6/1,281
S-22,24.26302778,121.2214722,2017/6/1,78
S-24,24.26297222,121.2259167,2017/6/1,124
S-26,24.26602778,121.2280833,2017/6/1,54
S-28,24.26866666,121.2285833,2017/6/1,49
S-30,0,0,2017/6/1,485
S-32,0,0,2017/6/1,486
S-34,0,0,2017/6/1,361
S-36,0,0,2017/6/1,587
S-38,0,0,2017/6/1,0
S-39,0,0,2017/6/1,0
S-40,0,0,2017/6/1,0
志樂溪   R010,0,0,2017/6/1,0
谷關上,0,0,2017/6/1,0
S-2,24.25522222,121.1728333,2017/8/1,1989
S-4,24.25888889,121.17825,2017/8/1,2729
S-6,24.26330556,121.1820833,2017/8/1,3102
S-8,24.26580556,121.1878056,2017/8/1,620
S-10,24.26527777,121.1925833,2017/8/1,440
S-12,24.26536111,121.1968333,2017/8/1,1664
S-14,24.26438888,121.2035833,2017/8/1,515
S-16,24.26230555,121.2062778,2017/8/1,300
S-18,24.26019444,121.2093611,2017/8/1,439
S-20,24.26163889,121.2117222,2017/8/1,759
S-22,24.26302778,121.2214722,2017/8/1,1073
S-24,24.26297222,121.2259167,2017/8/1,1935
S-26,24.26602778,121.2280833,2017/8/1,951
S-28,24.26866666,121.2285833,2017/8/1,1428
S-30,0,0,2017/8/1,951
S-32,0,0,2017/8/1,794
S-34,0,0,2017/8/1,0
S-36,0,0,2017/8/1,0
S-38,0,0,2017/8/1,0
S-39,0,0,2017/8/1,0
S-40,0,0,2017/8/1,0
志樂溪   R010,0,0,2017/8/1,0
谷關上,0,0,2017/8/1,0
S-2,24.25522222,121.1728333,2017/10/1,218
S-4,24.25888889,121.17825,2017/10/1,119
S-6,24.26330556,121.1820833,2017/10/1,239
S-8,24.26580556,121.1878056,2017/10/1,64
S-10,24.26527777,121.1925833,2017/10/1,210
S-12,24.26536111,121.1968333,2017/10/1,55
S-14,24.26438888,121.2035833,2017/10/1,119
S-16,24.26230555,121.2062778,2017/10/1,151
S-18,24.26019444,121.2093611,2017/10/1,179
S-20,24.26163889,121.2117222,2017/10/1,201
S-22,24.26302778,121.2214722,2017/10/1,26
S-24,24.26297222,121.2259167,2017/10/1,228
S-26,24.26602778,121.2280833,2017/10/1,187
S-28,24.26866666,121.2285833,2017/10/1,145
S-30,0,0,2017/10/1,58
S-32,0,0,2017/10/1,155
S-34,0,0,2017/10/1,40
S-36,0,0,2017/10/1,50
S-38,0,0,2017/10/1,0
S-39,0,0,2017/10/1,0
S-40,0,0,2017/10/1,0
志樂溪   R010,0,0,2017/10/1,0
谷關上,0,0,2017/10/1,0
S-2,24.25522222,121.1728333,2018/4/1,359
S-4,24.25888889,121.17825,2018/4/1,134
S-6,24.26330556,121.1820833,2018/4/1,118
S-8,24.26580556,121.1878056,2018/4/1,609
S-10,24.26527777,121.1925833,2018/4/1,251
S-12,24.26536111,121.1968333,2018/4/1,44
S-14,24.26438888,121.2035833,2018/4/1,277
S-16,24.26230555,121.2062778,2018/4/1,474
S-18,24.26019444,121.2093611,2018/4/1,133
S-20,24.26163889,121.2117222,2018/4/1,470
S-22,24.26302778,121.2214722,2018/4/1,382
S-24,24.26297222,121.2259167,2018/4/1,1737
S-26,24.26602778,121.2280833,2018/4/1,853
S-28,24.26866666,121.2285833,2018/4/1,1710
S-30,0,0,2018/4/1,2327
S-32,0,0,2018/4/1,0
S-34,0,0,2018/4/1,0
S-36,0,0,2018/4/1,0
S-38,0,0,2018/4/1,0
S-39,0,0,2018/4/1,0
S-40,0,0,2018/4/1,0
志樂溪   R010,0,0,2018/4/1,0
谷關上,0,0,2018/4/1,0
S-2,24.25522222,121.1728333,2018/6/1,76
S-4,24.25888889,121.17825,2018/6/1,76
S-6,24.26330556,121.1820833,2018/6/1,38
S-8,24.26580556,121.1878056,2018/6/1,38
S-10,24.26527777,121.1925833,2018/6/1,38
S-12,24.26536111,121.1968333,2018/6/1,0
S-14,24.26438888,121.2035833,2018/6/1,114
S-16,24.26230555,121.2062778,2018/6/1,189
S-18,24.26019444,121.2093611,2018/6/1,38
S-20,24.26163889,121.2117222,2018/6/1,76
S-22,24.26302778,121.2214722,2018/6/1,38
S-24,24.26297222,121.2259167,2018/6/1,0
S-26,24.26602778,121.2280833,2018/6/1,0
S-28,24.26866666,121.2285833,2018/6/1,0
S-30,0,0,2018/6/1,0
S-32,0,0,2018/6/1,0
S-34,0,0,2018/6/1,0
S-36,0,0,2018/6/1,0
S-38,0,0,2018/6/1,0
S-39,0,0,2018/6/1,0
S-40,0,0,2018/6/1,0
志樂溪   R010,0,0,2018/6/1,0
谷關上,0,0,2018/6/1,0
S-2,24.25522222,121.1728333,2018/8/1,1903
S-4,24.25888889,121.17825,2018/8/1,564
S-6,24.26330556,121.1820833,2018/8/1,352
S-8,24.26580556,121.1878056,2018/8/1,226
S-10,24.26527777,121.1925833,2018/8/1,92
S-12,24.26536111,121.1968333,2018/8/1,76
S-14,24.26438888,121.2035833,2018/8/1,272
S-16,24.26230555,121.2062778,2018/8/1,298
S-18,24.26019444,121.2093611,2018/8/1,411
S-20,24.26163889,121.2117222,2018/8/1,360
S-22,24.26302778,121.2214722,2018/8/1,236
S-24,24.26297222,121.2259167,2018/8/1,275
S-26,24.26602778,121.2280833,2018/8/1,229
S-28,24.26866666,121.2285833,2018/8/1,266
S-30,0,0,2018/8/1,2535
S-32,0,0,2018/8/1,1426
S-34,0,0,2018/8/1,2378
S-36,0,0,2018/8/1,13805
S-38,0,0,2018/8/1,0
S-39,0,0,2018/8/1,0
S-40,0,0,2018/8/1,0
志樂溪   R010,0,0,2018/8/1,0
谷關上,0,0,2018/8/1,0
S-2,24.25522222,121.1728333,2018/10/1,197
S-4,24.25888889,121.17825,2018/10/1,491
S-6,24.26330556,121.1820833,2018/10/1,861
S-8,24.26580556,121.1878056,2018/10/1,47
S-10,24.26527777,121.1925833,2018/10/1,183
S-12,24.26536111,121.1968333,2018/10/1,469
S-14,24.26438888,121.2035833,2018/10/1,140
S-16,24.26230555,121.2062778,2018/10/1,484
S-18,24.26019444,121.2093611,2018/10/1,213
S-20,24.26163889,121.2117222,2018/10/1,371
S-22,24.26302778,121.2214722,2018/10/1,365
S-24,24.26297222,121.2259167,2018/10/1,877
S-26,24.26602778,121.2280833,2018/10/1,2204
S-28,24.26866666,121.2285833,2018/10/1,1901
S-30,0,0,2018/10/1,852
S-32,0,0,2018/10/1,975
S-34,0,0,2018/10/1,3564
S-36,0,0,2018/10/1,3887
S-38,0,0,2018/10/1,0
S-39,0,0,2018/10/1,0
S-40,0,0,2018/10/1,0
志樂溪   R010,0,0,2018/10/1,0
谷關上,0,0,2018/10/1,0
S-2,24.25522222,121.1728333,2019/4/1,0
S-4,24.25888889,121.17825,2019/4/1,28
S-6,24.26330556,121.1820833,2019/4/1,0
S-8,24.26580556,121.1878056,2019/4/1,0
S-10,24.26527777,121.1925833,2019/4/1,177
S-12,24.26536111,121.1968333,2019/4/1,33
S-14,24.26438888,121.2035833,2019/4/1,0
S-16,24.26230555,121.2062778,2019/4/1,310
S-18,24.26019444,121.2093611,2019/4/1,212
S-20,24.26163889,121.2117222,2019/4/1,54
S-22,24.26302778,121.2214722,2019/4/1,177
S-24,24.26297222,121.2259167,2019/4/1,198
S-26,24.26602778,121.2280833,2019/4/1,92
S-28,24.26866666,121.2285833,2019/4/1,314
S-30,0,0,2019/4/1,463
S-32,0,0,2019/4/1,0
S-34,0,0,2019/4/1,0
S-36,0,0,2019/4/1,0
S-38,0,0,2019/4/1,0
S-39,0,0,2019/4/1,0
S-40,0,0,2019/4/1,0
志樂溪   R010,0,0,2019/4/1,0
谷關上,0,0,2019/4/1,0
S-2,24.25522222,121.1728333,2019/6/1,172
S-4,24.25888889,121.17825,2019/6/1,37
S-6,24.26330556,121.1820833,2019/6/1,0
S-8,24.26580556,121.1878056,2019/6/1,0
S-10,24.26527777,121.1925833,2019/6/1,29
S-12,24.26536111,121.1968333,2019/6/1,32
S-14,24.26438888,121.2035833,2019/6/1,0
S-16,24.26230555,121.2062778,2019/6/1,22
S-18,24.26019444,121.2093611,2019/6/1,36
S-20,24.26163889,121.2117222,2019/6/1,40
S-22,24.26302778,121.2214722,2019/6/1,430
S-24,24.26297222,121.2259167,2019/6/1,624
S-26,24.26602778,121.2280833,2019/6/1,270
S-28,24.26866666,121.2285833,2019/6/1,183
S-30,0,0,2019/6/1,145
S-32,0,0,2019/6/1,195
S-34,0,0,2019/6/1,0
S-36,0,0,2019/6/1,0
S-38,0,0,2019/6/1,0
S-39,0,0,2019/6/1,0
S-40,0,0,2019/6/1,0
志樂溪   R010,0,0,2019/6/1,0
谷關上,0,0,2019/6/1,0
S-2,24.25522222,121.1728333,2019/8/1,36
S-4,24.25888889,121.17825,2019/8/1,111
S-6,24.26330556,121.1820833,2019/8/1,0
S-8,24.26580556,121.1878056,2019/8/1,40
S-10,24.26527777,121.1925833,2019/8/1,28
S-12,24.26536111,121.1968333,2019/8/1,95
S-14,24.26438888,121.2035833,2019/8/1,41
S-16,24.26230555,121.2062778,2019/8/1,161
S-18,24.26019444,121.2093611,2019/8/1,168
S-20,24.26163889,121.2117222,2019/8/1,126
S-22,24.26302778,121.2214722,2019/8/1,446
S-24,24.26297222,121.2259167,2019/8/1,1063
S-26,24.26602778,121.2280833,2019/8/1,110
S-28,24.26866666,121.2285833,2019/8/1,500
S-30,0,0,2019/8/1,336
S-32,0,0,2019/8/1,334
S-34,0,0,2019/8/1,0
S-36,0,0,2019/8/1,0
S-38,0,0,2019/8/1,0
S-39,0,0,2019/8/1,0
S-40,0,0,2019/8/1,0
志樂溪   R010,0,0,2019/8/1,0
谷關上,0,0,2019/8/1,0
S-2,24.25522222,121.1728333,2019/11/1,66
S-4,24.25888889,121.17825,2019/11/1,81
S-6,24.26330556,121.1820833,2019/11/1,44
S-8,24.26580556,121.1878056,2019/11/1,0
S-10,24.26527777,121.1925833,2019/11/1,46
S-12,24.26536111,121.1968333,2019/11/1,96
S-14,24.26438888,121.2035833,2019/11/1,46
S-16,24.26230555,121.2062778,2019/11/1,0
S-18,24.26019444,121.2093611,2019/11/1,0
S-20,24.26163889,121.2117222,2019/11/1,81
S-22,24.26302778,121.2214722,2019/11/1,53
S-24,24.26297222,121.2259167,2019/11/1,0
S-26,24.26602778,121.2280833,2019/11/1,25
S-28,24.26866666,121.2285833,2019/11/1,54
S-30,0,0,2019/11/1,103
S-32,0,0,2019/11/1,215
S-34,0,0,2019/11/1,0
S-36,0,0,2019/11/1,0
S-38,0,0,2019/11/1,0
S-39,0,0,2019/11/1,0
S-40,0,0,2019/11/1,0
志樂溪   R010,0,0,2019/11/1,0
谷關上,0,0,2019/11/1,0
S-2,24.25522222,121.1728333,2020/2/1,0
S-4,24.25888889,121.17825,2020/2/1,0
S-6,24.26330556,121.1820833,2020/2/1,0
S-8,24.26580556,121.1878056,2020/2/1,0
S-10,24.26527777,121.1925833,2020/2/1,0
S-12,24.26536111,121.1968333,2020/2/1,21
S-14,24.26438888,121.2035833,2020/2/1,8
S-16,24.26230555,121.2062778,2020/2/1,18
S-18,24.26019444,121.2093611,2020/2/1,0
S-20,24.26163889,121.2117222,2020/2/1,99
S-22,24.26302778,121.2214722,2020/2/1,261
S-24,24.26297222,121.2259167,2020/2/1,146
S-26,24.26602778,121.2280833,2020/2/1,203
S-28,24.26866666,121.2285833,2020/2/1,42
S-30,0,0,2020/2/1,0
S-32,0,0,2020/2/1,0
S-34,0,0,2020/2/1,0
S-36,0,0,2020/2/1,0
S-38,0,0,2020/2/1,0
S-39,0,0,2020/2/1,0
S-40,0,0,2020/2/1,0
志樂溪   R010,0,0,2020/2/1,0
谷關上,0,0,2020/2/1,0
S-2,24.25522222,121.1728333,2020/6/1,0
S-4,24.25888889,121.17825,2020/6/1,74.23981132
S-6,24.26330556,121.1820833,2020/6/1,44.78280612
S-8,24.26580556,121.1878056,2020/6/1,142.1631818
S-10,24.26527777,121.1925833,2020/6/1,0
S-12,24.26536111,121.1968333,2020/6/1,108.9612
S-14,24.26438888,121.2035833,2020/6/1,0
S-16,24.26230555,121.2062778,2020/6/1,278.1291892
S-18,24.26019444,121.2093611,2020/6/1,198.1767857
S-20,24.26163889,121.2117222,2020/6/1,255.2638554
S-22,24.26302778,121.2214722,2020/6/1,444.1353261
S-24,24.26297222,121.2259167,2020/6/1,726.408
S-26,24.26602778,121.2280833,2020/6/1,937.1662844
S-28,24.26866666,121.2285833,2020/6/1,3203.45928
S-30,0,0,2020/6/1,0
S-32,0,0,2020/6/1,0
S-34,0,0,2020/6/1,0
S-36,0,0,2020/6/1,0
S-38,0,0,2020/6/1,0
S-39,0,0,2020/6/1,0
S-40,0,0,2020/6/1,0
志樂溪   R010,0,0,2020/6/1,0
谷關上,0,0,2020/6/1,0
S-2,24.25522222,121.1728333,2020/8/1,266.952
S-4,24.25888889,121.17825,2020/8/1,271.168
S-6,24.26330556,121.1820833,2020/8/1,155.393
S-8,24.26580556,121.1878056,2020/8/1,289.149
S-10,24.26527777,121.1925833,2020/8/1,49.032
S-12,24.26536111,121.1968333,2020/8/1,148.33
S-14,24.26438888,121.2035833,2020/8/1,93.987
S-16,24.26230555,121.2062778,2020/8/1,23
S-18,24.26019444,121.2093611,2020/8/1,185.22
S-20,24.26163889,121.2117222,2020/8/1,201.25
S-22,24.26302778,121.2214722,2020/8/1,257.295
S-24,24.26297222,121.2259167,2020/8/1,587.93
S-26,24.26602778,121.2280833,2020/8/1,1797.84
S-28,24.26866666,121.2285833,2020/8/1,2459.275
S-30,0,0,2020/8/1,677.157
S-32,0,0,2020/8/1,139.056
S-34,0,0,2020/8/1,0
S-36,0,0,2020/8/1,0
S-38,0,0,2020/8/1,0
S-39,0,0,2020/8/1,0
S-40,0,0,2020/8/1,0
志樂溪   R010,0,0,2020/8/1,0
谷關上,0,0,2020/8/1,0
S-2,24.25522222,121.1728333,2020/11/1,14.09492647
S-4,24.25888889,121.17825,2020/11/1,0
S-6,24.26330556,121.1820833,2020/11/1,10.34303957
S-8,24.26580556,121.1878056,2020/11/1,7.275721154
S-10,24.26527777,121.1925833,2020/11/1,0
S-12,24.26536111,121.1968333,2020/11/1,0
S-14,24.26438888,121.2035833,2020/11/1,14.75106498
S-16,24.26230555,121.2062778,2020/11/1,15.25554435
S-18,24.26019444,121.2093611,2020/11/1,55.13319703
S-20,24.26163889,121.2117222,2020/11/1,17.10292808
S-22,24.26302778,121.2214722,2020/11/1,117.1365214
S-24,24.26297222,121.2259167,2020/11/1,331.3590995
S-26,24.26602778,121.2280833,2020/11/1,0
S-28,24.26866666,121.2285833,2020/11/1,0
S-30,0,0,2020/11/1,0
S-32,0,0,2020/11/1,0
S-34,0,0,2020/11/1,0
S-36,0,0,2020/11/1,0
S-38,0,0,2020/11/1,0
S-39,0,0,2020/11/1,0
S-40,0,0,2020/11/1,0
志樂溪   R010,0,0,2020/11/1,0
谷關上,0,0,2020/11/1,0
S-2,24.25522222,121.1728333,2021/2/1,0
S-4,24.25888889,121.17825,2021/2/1,1.782828283
S-6,24.26330556,121.1820833,2021/2/1,1.351219512
S-8,24.26580556,121.1878056,2021/2/1,0
S-10,24.26527777,121.1925833,2021/2/1,0
S-12,24.26536111,121.1968333,2021/2/1,0
S-14,24.26438888,121.2035833,2021/2/1,3.524271845
S-16,24.26230555,121.2062778,2021/2/1,0
S-18,24.26019444,121.2093611,2021/2/1,1.204081633
S-20,24.26163889,121.2117222,2021/2/1,0
S-22,24.26302778,121.2214722,2021/2/1,0
S-24,24.26297222,121.2259167,2021/2/1,0
S-26,24.26602778,121.2280833,2021/2/1,0
S-28,24.26866666,121.2285833,2021/2/1,0
S-30,0,0,2021/2/1,0
S-32,0,0,2021/2/1,0
S-34,0,0,2021/2/1,0
S-36,0,0,2021/2/1,0
S-38,0,0,2021/2/1,0
S-39,0,0,2021/2/1,0
S-40,0,0,2021/2/1,0
志樂溪   R010,0,0,2021/2/1,0
谷關上,0,0,2021/2/1,0
S-2,24.25522222,121.1728333,2021/5/1,0
S-4,24.25888889,121.17825,2021/5/1,53
S-6,24.26330556,121.1820833,2021/5/1,29.2
S-8,24.26580556,121.1878056,2021/5/1,33.2
S-10,24.26527777,121.1925833,2021/5/1,276.9
S-12,24.26536111,121.1968333,2021/5/1,0
S-14,24.26438888,121.2035833,2021/5/1,0
S-16,24.26230555,121.2062778,2021/5/1,0
S-18,24.26019444,121.2093611,2021/5/1,0
S-20,24.26163889,121.2117222,2021/5/1,0
S-22,24.26302778,121.2214722,2021/5/1,0
S-24,24.26297222,121.2259167,2021/5/1,0
S-26,24.26602778,121.2280833,2021/5/1,0
S-28,24.26866666,121.2285833,2021/5/1,0
S-30,0,0,2021/5/1,0
S-32,0,0,2021/5/1,0
S-34,0,0,2021/5/1,0
S-36,0,0,2021/5/1,0
S-38,0,0,2021/5/1,0
S-39,0,0,2021/5/1,0
S-40,0,0,2021/5/1,0
志樂溪   R010,0,0,2021/5/1,0
谷關上,0,0,2021/5/1,0
S-2,24.25522222,121.1728333,2021/7/1,12.23529412
S-4,24.25888889,121.17825,2021/7/1,0
S-6,24.26330556,121.1820833,2021/7/1,19.78030083
S-8,24.26580556,121.1878056,2021/7/1,26.65909091
S-10,24.26527777,121.1925833,2021/7/1,47.94396552
S-12,24.26536111,121.1968333,2021/7/1,54.18340611
S-14,24.26438888,121.2035833,2021/7/1,28.63513514
S-16,24.26230555,121.2062778,2021/7/1,70.99305985
S-18,24.26019444,121.2093611,2021/7/1,54.78190045
S-20,24.26163889,121.2117222,2021/7/1,41.01602804
S-22,24.26302778,121.2214722,2021/7/1,162.1963636
S-24,24.26297222,121.2259167,2021/7/1,303.2953512
S-26,24.26602778,121.2280833,2021/7/1,326.1162676
S-28,24.26866666,121.2285833,2021/7/1,144.2528202
S-30,0,0,2021/7/1,0
S-32,0,0,2021/7/1,0
S-34,0,0,2021/7/1,0
S-36,0,0,2021/7/1,0
S-38,0,0,2021/7/1,0
S-39,0,0,2021/7/1,0
S-40,0,0,2021/7/1,0
志樂溪   R010,0,0,2021/7/1,0
谷關上,0,0,2021/7/1,0
S-2,24.25522222,121.1728333,2021/10/1,363.204
S-4,24.25888889,121.17825,2021/10/1,36.58648352
S-6,24.26330556,121.1820833,2021/10/1,114.6869231
S-8,24.26580556,121.1878056,2021/10/1,85.15635048
S-10,24.26527777,121.1925833,2021/10/1,94.99561141
S-12,24.26536111,121.1968333,2021/10/1,206.1209644
S-14,24.26438888,121.2035833,2021/10/1,74.1589404
S-16,24.26230555,121.2062778,2021/10/1,186.7190827
S-18,24.26019444,121.2093611,2021/10/1,163.5001929
S-20,24.26163889,121.2117222,2021/10/1,211.1150178
S-22,24.26302778,121.2214722,2021/10/1,389.9429448
S-24,24.26297222,121.2259167,2021/10/1,277.02
S-26,24.26602778,121.2280833,2021/10/1,106.6551429
S-28,24.26866666,121.2285833,2021/10/1,474.6634286
S-30,0,0,2021/10/1,461.1627365
S-32,0,0,2021/10/1,216.0538264
S-34,0,0,2021/10/1,113.9570783
S-36,0,0,2021/10/1,396.6873842
S-38,0,0,2021/10/1,0
S-39,0,0,2021/10/1,0
S-40,0,0,2021/10/1,0
志樂溪   R010,0,0,2021/10/1,0
谷關上,0,0,2021/10/1,0
S-2,24.25522222,121.1728333,2022/4/1,56
S-4,24.25888889,121.17825,2022/4/1,119
S-6,24.26330556,121.1820833,2022/4/1,243
S-8,24.26580556,121.1878056,2022/4/1,225
S-10,24.26527777,121.1925833,2022/4/1,0
S-12,24.26536111,121.1968333,2022/4/1,164
S-14,24.26438888,121.2035833,2022/4/1,236
S-16,24.26230555,121.2062778,2022/4/1,279
S-18,24.26019444,121.2093611,2022/4/1,54
S-20,24.26163889,121.2117222,2022/4/1,167
S-22,24.26302778,121.2214722,2022/4/1,0
S-24,24.26297222,121.2259167,2022/4/1,108
S-26,24.26602778,121.2280833,2022/4/1,0
S-28,24.26866666,121.2285833,2022/4/1,70
S-30,0,0,2022/4/1,0
S-32,0,0,2022/4/1,0
S-34,0,0,2022/4/1,0
S-36,0,0,2022/4/1,0
S-38,0,0,2022/4/1,0
S-39,0,0,2022/4/1,0
S-40,0,0,2022/4/1,0
志樂溪   R010,0,0,2022/4/1,0
谷關上,0,0,2022/4/1,0
S-2,24.25522222,121.1728333,2022/6/1,286
S-4,24.25888889,121.17825,2022/6/1,96
S-6,24.26330556,121.1820833,2022/6/1,228
S-8,24.26580556,121.1878056,2022/6/1,120
S-10,24.26527777,121.1925833,2022/6/1,0
S-12,24.26536111,121.1968333,2022/6/1,107
S-14,24.26438888,121.2035833,2022/6/1,189
S-16,24.26230555,121.2062778,2022/6/1,266
S-18,24.26019444,121.2093611,2022/6/1,409
S-20,24.26163889,121.2117222,2022/6/1,521
S-22,24.26302778,121.2214722,2022/6/1,0
S-24,24.26297222,121.2259167,2022/6/1,1462
S-26,24.26602778,121.2280833,2022/6/1,0
S-28,24.26866666,121.2285833,2022/6/1,1221
S-30,0,0,2022/6/1,0
S-32,0,0,2022/6/1,0
S-34,0,0,2022/6/1,0
S-36,0,0,2022/6/1,0
S-38,0,0,2022/6/1,0
S-39,0,0,2022/6/1,0
S-40,0,0,2022/6/1,0
志樂溪   R010,0,0,2022/6/1,0
谷關上,0,0,2022/6/1,0
S-2,24.25522222,121.1728333,2022/8/1,698.66
S-4,24.25888889,121.17825,2022/8/1,409.16
S-6,24.26330556,121.1820833,2022/8/1,413.02
S-8,24.26580556,121.1878056,2022/8/1,447.76
S-10,24.26527777,121.1925833,2022/8/1,
S-12,24.26536111,121.1968333,2022/8/1,544.26
S-14,24.26438888,121.2035833,2022/8/1,474.78
S-16,24.26230555,121.2062778,2022/8/1,517.24
S-18,24.26019444,121.2093611,2022/8/1,266.34
S-20,24.26163889,121.2117222,2022/8/1,1462.94
S-22,24.26302778,121.2214722,2022/8/1,
S-24,24.26297222,121.2259167,2022/8/1,1513.12
S-26,24.26602778,121.2280833,2022/8/1,
S-28,24.26866666,121.2285833,2022/8/1,3331.18
S-30,0,0,2022/8/1,
S-32,0,0,2022/8/1,
S-34,0,0,2022/8/1,
S-36,0,0,2022/8/1,
S-38,0,0,2022/8/1,
S-39,0,0,2022/8/1,
S-40,0,0,2022/8/1,
志樂溪   R010,0,0,2022/8/1,
谷關上,0,0,2022/8/1,
S-2,24.25522222,121.1728333,2022/10/1,169.84
S-4,24.25888889,121.17825,2022/10/1,150.54
S-6,24.26330556,121.1820833,2022/10/1,212.3
S-8,24.26580556,121.1878056,2022/10/1,173.7
S-10,24.26527777,121.1925833,2022/10/1,
S-12,24.26536111,121.1968333,2022/10/1,73.34
S-14,24.26438888,121.2035833,2022/10/1,127.38
S-16,24.26230555,121.2062778,2022/10/1,142.82
S-18,24.26019444,121.2093611,2022/10/1,138.96
S-20,24.26163889,121.2117222,2022/10/1,169.84
S-22,24.26302778,121.2214722,2022/10/1,
S-24,24.26297222,121.2259167,2022/10/1,277.92
S-26,24.26602778,121.2280833,2022/10/1,
S-28,24.26866666,121.2285833,2022/10/1,413.02
S-30,0,0,2022/10/1,
S-32,0,0,2022/10/1,
S-34,0,0,2022/10/1,
S-36,0,0,2022/10/1,
S-38,0,0,2022/10/1,
S-39,0,0,2022/10/1,
S-40,0,0,2022/10/1,
志樂溪   R010,0,0,2022/10/1,
谷關上,0,0,2022/10/1,
S-2,24.25522222,121.1728333,2023/3/1,180
S-4,24.25888889,121.17825,2023/3/1,
S-6,24.26330556,121.1820833,2023/3/1,140
S-8,24.26580556,121.1878056,2023/3/1,
S-10,24.26527777,121.1925833,2023/3/1,
S-12,24.26536111,121.1968333,2023/3/1,
S-14,24.26438888,121.2035833,2023/3/1,100
S-16,24.26230555,121.2062778,2023/3/1,
S-18,24.26019444,121.2093611,2023/3/1,180
S-20,24.26163889,121.2117222,2023/3/1,
S-22,24.26302778,121.2214722,2023/3/1,
S-24,24.26297222,121.2259167,2023/3/1,260
S-26,24.26602778,121.2280833,2023/3/1,
S-28,24.26866666,121.2285833,2023/3/1,340
S-30,0,0,2023/3/1,
S-32,0,0,2023/3/1,
S-34,0,0,2023/3/1,
S-36,0,0,2023/3/1,
S-38,0,0,2023/3/1,
S-39,0,0,2023/3/1,
S-40,0,0,2023/3/1,
志樂溪   R010,0,0,2023/3/1,
谷關上,0,0,2023/3/1,
S-2,24.25522222,121.1728333,2023/6/1,1980
S-4,24.25888889,121.17825,2023/6/1,
S-6,24.26330556,121.1820833,2023/6/1,680
S-8,24.26580556,121.1878056,2023/6/1,
S-10,24.26527777,121.1925833,2023/6/1,
S-12,24.26536111,121.1968333,2023/6/1,
S-14,24.26438888,121.2035833,2023/6/1,480
S-16,24.26230555,121.2062778,2023/6/1,
S-18,24.26019444,121.2093611,2023/6/1,340
S-20,24.26163889,121.2117222,2023/6/1,
S-22,24.26302778,121.2214722,2023/6/1,
S-24,24.26297222,121.2259167,2023/6/1,340
S-26,24.26602778,121.2280833,2023/6/1,
S-28,24.26866666,121.2285833,2023/6/1,340
S-30,0,0,2023/6/1,
S-32,0,0,2023/6/1,
S-34,0,0,2023/6/1,
S-36,0,0,2023/6/1,
S-38,0,0,2023/6/1,
S-39,0,0,2023/6/1,
S-40,0,0,2023/6/1,
志樂溪   R010,0,0,2023/6/1,
谷關上,0,0,2023/6/1,
S-2,24.25522222,121.1728333,2023/9/1,300
S-4,24.25888889,121.17825,2023/9/1,
S-6,24.26330556,121.1820833,2023/9/1,400
S-8,24.26580556,121.1878056,2023/9/1,
S-10,24.26527777,121.1925833,2023/9/1,
S-12,24.26536111,121.1968333,2023/9/1,
S-14,24.26438888,121.2035833,2023/9/1,250
S-16,24.26230555,121.2062778,2023/9/1,
S-18,24.26019444,121.2093611,2023/9/1,200
S-20,24.26163889,121.2117222,2023/9/1,
S-22,24.26302778,121.2214722,2023/9/1,
S-24,24.26297222,121.2259167,2023/9/1,1300
S-26,24.26602778,121.2280833,2023/9/1,
S-28,24.26866666,121.2285833,2023/9/1,1150
S-30,0,0,2023/9/1,
S-32,0,0,2023/9/1,
S-34,0,0,2023/9/1,
S-36,0,0,2023/9/1,
S-38,0,0,2023/9/1,
S-39,0,0,2023/9/1,
S-40,0,0,2023/9/1,
志樂溪   R010,0,0,2023/9/1,
谷關上,0,0,2023/9/1,
S-2,24.25522222,121.1728333,2023/12/1,20
S-4,24.25888889,121.17825,2023/12/1,
S-6,24.26330556,121.1820833,2023/12/1,20
S-8,24.26580556,121.1878056,2023/12/1,
S-10,24.26527777,121.1925833,2023/12/1,
S-12,24.26536111,121.1968333,2023/12/1,
S-14,24.26438888,121.2035833,2023/12/1,20
S-16,24.26230555,121.2062778,2023/12/1,
S-18,24.26019444,121.2093611,2023/12/1,40
S-20,24.26163889,121.2117222,2023/12/1,
S-22,24.26302778,121.2214722,2023/12/1,
S-24,24.26297222,121.2259167,2023/12/1,120
S-26,24.26602778,121.2280833,2023/12/1,
S-28,24.26866666,121.2285833,2023/12/1,160
S-30,0,0,2023/12/1,
S-32,0,0,2023/12/1,
S-34,0,0,2023/12/1,
S-36,0,0,2023/12/1,
S-38,0,0,2023/12/1,
S-39,0,0,2023/12/1,
S-40,0,0,2023/12/1,
志樂溪   R010,0,0,2023/12/1,
谷關上,0,0,2023/12/1,
S-2,24.25522222,121.1728333,2024/3/1,0
S-4,24.25888889,121.17825,2024/3/1,
S-6,24.26330556,121.1820833,2024/3/1,0
S-8,24.26580556,121.1878056,2024/3/1,
S-10,24.26527777,121.1925833,2024/3/1,
S-12,24.26536111,121.1968333,2024/3/1,
S-14,24.26438888,121.2035833,2024/3/1,40
S-16,24.26230555,121.2062778,2024/3/1,
S-18,24.26019444,121.2093611,2024/3/1,100
S-20,24.26163889,121.2117222,2024/3/1,
S-22,24.26302778,121.2214722,2024/3/1,
S-24,24.26297222,121.2259167,2024/3/1,60
S-26,24.26602778,121.2280833,2024/3/1,
S-28,24.26866666,121.2285833,2024/3/1,140
S-30,0,0,2024/3/1,
S-32,0,0,2024/3/1,
S-34,0,0,2024/3/1,
S-36,0,0,2024/3/1,
S-38,0,0,2024/3/1,
S-39,0,0,2024/3/1,
S-40,0,0,2024/3/1,
志樂溪   R010,0,0,2024/3/1,
谷關上,0,0,2024/3/1,
S-2,24.25522222,121.1728333,2024/6/1,120
S-4,24.25888889,121.17825,2024/6/1,
S-6,24.26330556,121.1820833,2024/6/1,180
S-8,24.26580556,121.1878056,2024/6/1,
S-10,24.26527777,121.1925833,2024/6/1,
S-12,24.26536111,121.1968333,2024/6/1,
S-14,24.26438888,121.2035833,2024/6/1,140
S-16,24.26230555,121.2062778,2024/6/1,
S-18,24.26019444,121.2093611,2024/6/1,160
S-20,24.26163889,121.2117222,2024/6/1,
S-22,24.26302778,121.2214722,2024/6/1,
S-24,24.26297222,121.2259167,2024/6/1,680
S-26,24.26602778,121.2280833,2024/6/1,
S-28,24.26866666,121.2285833,2024/6/1,1260
S-30,0,0,2024/6/1,
S-32,0,0,2024/6/1,
S-34,0,0,2024/6/1,
S-36,0,0,2024/6/1,
S-38,0,0,2024/6/1,
S-39,0,0,2024/6/1,
S-40,0,0,2024/6/1,
志樂溪   R010,0,0,2024/6/1,
谷關上,0,0,2024/6/1,
S-2,24.25522222,121.1728333,2024/9/1,440
S-4,24.25888889,121.17825,2024/9/1,
S-6,24.26330556,121.1820833,2024/9/1,380
S-8,24.26580556,121.1878056,2024/9/1,
S-10,24.26527777,121.1925833,2024/9/1,
S-12,24.26536111,121.1968333,2024/9/1,
S-14,24.26438888,121.2035833,2024/9/1,460
S-16,24.26230555,121.2062778,2024/9/1,
S-18,24.26019444,121.2093611,2024/9/1,520
S-20,24.26163889,121.2117222,2024/9/1,
S-22,24.26302778,121.2214722,2024/9/1,
S-24,24.26297222,121.2259167,2024/9/1,560
S-26,24.26602778,121.2280833,2024/9/1,
S-28,24.26866666,121.2285833,2024/9/1,920
S-30,0,0,2024/9/1,
S-32,0,0,2024/9/1,
S-34,0,0,2024/9/1,
S-36,0,0,2024/9/1,
S-38,0,0,2024/9/1,
S-39,0,0,2024/9/1,
S-40,0,0,2024/9/1,
志樂溪   R010,0,0,2024/9/1,
谷關上,0,0,2024/9/1,
S-2,24.25522222,121.1728333,2024/12/1,20
S-4,24.25888889,121.17825,2024/12/1,
S-6,24.26330556,121.1820833,2024/12/1,0
S-8,24.26580556,121.1878056,2024/12/1,
S-10,24.26527777,121.1925833,2024/12/1,
S-12,24.26536111,121.1968333,2024/12/1,
S-14,24.26438888,121.2035833,2024/12/1,20
S-16,24.26230555,121.2062778,2024/12/1,
S-18,24.26019444,121.2093611,2024/12/1,60
S-20,24.26163889,121.2117222,2024/12/1,
S-22,24.26302778,121.2214722,2024/12/1,
S-24,24.26297222,121.2259167,2024/12/1,180
S-26,24.26602778,121.2280833,2024/12/1,
S-28,24.26866666,121.2285833,2024/12/1,180
S-30,0,0,2024/12/1,
S-32,0,0,2024/12/1,
S-34,0,0,2024/12/1,
S-36,0,0,2024/12/1,
S-38,0,0,2024/12/1,
S-39,0,0,2024/12/1,
S-40,0,0,2024/12/1,
志樂溪   R010,0,0,2024/12/1,
谷關上,0,0,2024/12/1,